代號,分類,最新月份,最新月年增%,可比月數,近10年成長比率%,近10年增長月數,近5年成長比率%,近5年增長月數,近3年成長比率%,近3年增長月數,近1年成長比率%,近1年增長月數,近12月樣態,連續成長月數,近10年平均年增%
6721,🟢 全期強勢,2026/06,-6.7,80,98.8,79/80,98.3,59/60,97.2,35/36,91.7,11/12,✔✔✔✔✔✔✔✔✔✔✔✗,0,11.2
6741,🟢 全期強勢,2026/05,31.8,77,100.0,77/77,100.0,60/60,100.0,36/36,100.0,12/12,✔✔✔✔✔✔✔✔✔✔✔✔,77,19.3
4953,🟢 全期強勢,2026/06,37.1,120,89.2,107/120,100.0,60/60,100.0,36/36,100.0,12/12,✔✔✔✔✔✔✔✔✔✔✔✔,70,18.9
3293,🟢 全期強勢,2026/06,17.2,120,86.7,104/120,98.3,59/60,100.0,36/36,100.0,12/12,✔✔✔✔✔✔✔✔✔✔✔✔,48,27.3
3587,🟢 全期強勢,2026/06,11.0,120,99.2,119/120,98.3,59/60,97.2,35/36,100.0,12/12,✔✔✔✔✔✔✔✔✔✔✔✔,17,16.9
2753,🟢 全期強勢,2026/06,10.8,83,97.6,81/83,98.3,59/60,97.2,35/36,91.7,11/12,✔✔✔✔✔✔✔✗✔✔✔✔,4,10.3
6690,🟢 全期強勢,2026/06,7.2,85,97.6,83/85,96.7,58/60,100.0,36/36,100.0,12/12,✔✔✔✔✔✔✔✔✔✔✔✔,54,28.0
2947,🟢 全期強勢,2026/06,6.0,66,95.5,63/66,96.7,58/60,100.0,36/36,100.0,12/12,✔✔✔✔✔✔✔✔✔✔✔✔,41,7.8
6223,🟢 全期強勢,2026/06,65.1,120,79.2,95/120,96.7,58/60,100.0,36/36,100.0,12/12,✔✔✔✔✔✔✔✔✔✔✔✔,41,16.3
2453,🟢 全期強勢,2026/06,5.8,120,84.2,101/120,95.0,57/60,100.0,36/36,100.0,12/12,✔✔✔✔✔✔✔✔✔✔✔✔,49,8.2
3017,🟢 全期強勢,2026/06,66.1,120,89.2,107/120,95.0,57/60,100.0,36/36,100.0,12/12,✔✔✔✔✔✔✔✔✔✔✔✔,41,25.2
3004,🟢 全期強勢,2026/06,46.6,120,78.3,94/120,96.7,58/60,97.2,35/36,100.0,12/12,✔✔✔✔✔✔✔✔✔✔✔✔,22,16.7
3583,🟢 全期強勢,2026/06,-2.7,120,76.7,92/120,95.0,57/60,94.4,34/36,83.3,10/12,✔✔✔✗✔✔✔✔✔✔✔✗,0,17.5
6279,🟢 全期強勢,2026/06,41.2,120,78.3,94/120,95.0,57/60,91.7,33/36,83.3,10/12,✔✔✔✔✔✔✔✗✗✔✔✔,3,13.1
2890,🟢 全期強勢,2026/06,50.9,120,80.0,96/120,93.3,56/60,94.4,34/36,100.0,12/12,✔✔✔✔✔✔✔✔✔✔✔✔,15,13.4
6803,🟢 全期強勢,2026/06,-2.1,120,88.3,106/120,91.7,55/60,88.9,32/36,75.0,9/12,✔✔✔✔✔✔✔✗✔✔✗✗,0,8.4
2755,🟢 全期強勢,2026/06,18.3,76,93.4,71/76,93.3,56/60,100.0,36/36,100.0,12/12,✔✔✔✔✔✔✔✔✔✔✔✔,56,15.8
4129,🟢 全期強勢,2026/06,17.1,120,80.8,97/120,93.3,56/60,100.0,36/36,100.0,12/12,✔✔✔✔✔✔✔✔✔✔✔✔,47,18.3
6446,🟢 全期強勢,2026/06,94.9,120,75.8,91/120,93.3,56/60,100.0,36/36,100.0,12/12,✔✔✔✔✔✔✔✔✔✔✔✔,38,7840.1
2912,🟢 全期強勢,2026/05,5.3,120,90.0,108/120,91.7,55/60,97.2,35/36,100.0,12/12,✔✔✔✔✔✔✔✔✔✔✔✔,15,5.5
2345,🟢 全期強勢,2026/06,61.2,120,87.5,105/120,93.3,56/60,91.7,33/36,100.0,12/12,✔✔✔✔✔✔✔✔✔✔✔✔,28,32.7
2376,🟢 全期強勢,2026/06,68.6,120,74.2,89/120,78.3,47/60,94.4,34/36,91.7,11/12,✔✗✔✔✔✔✔✔✔✔✔✔,10,30.2
6752,🟢 全期強勢,2026/06,5.5,71,90.1,64/71,91.7,55/60,88.9,32/36,83.3,10/12,✔✔✔✔✔✔✔✔✗✗✔✔,2,12.7
6733,🟢 全期強勢,2026/06,63.6,67,91.0,61/67,91.7,55/60,86.1,31/36,83.3,10/12,✔✔✔✗✔✔✔✔✔✔✗✔,1,366.0
2640,🟢 全期強勢,2026/06,14.8,120,80.0,96/120,91.7,55/60,94.4,34/36,91.7,11/12,✔✔✔✔✔✗✔✔✔✔✔✔,6,7.4
2480,🟢 全期強勢,2026/06,14.7,120,77.5,93/120,90.0,54/60,88.9,32/36,83.3,10/12,✔✔✔✗✔✗✔✔✔✔✔✔,6,9.6
2308,🟢 全期強勢,2026/06,55.4,120,87.5,105/120,90.0,54/60,83.3,30/36,100.0,12/12,✔✔✔✔✔✔✔✔✔✔✔✔,27,12.8
2752,🟢 全期強勢,2026/06,14.1,85,88.2,75/85,90.0,54/60,94.4,34/36,91.7,11/12,✔✔✔✔✔✔✗✔✔✔✔✔,5,24.6
2937,🟢 全期強勢,2026/06,20.6,115,90.4,104/115,88.3,53/60,91.7,33/36,91.7,11/12,✔✔✔✔✔✔✗✔✔✔✔✔,5,16.7
2402,🟢 全期強勢,2026/06,21.7,120,71.7,86/120,88.3,53/60,91.7,33/36,100.0,12/12,✔✔✔✔✔✔✔✔✔✔✔✔,27,8.6
5278,🟢 全期強勢,2026/06,21.6,120,83.3,100/120,88.3,53/60,91.7,33/36,100.0,12/12,✔✔✔✔✔✔✔✔✔✔✔✔,17,28.2
9917,🟢 全期強勢,2026/06,2.6,120,77.5,93/120,90.0,54/60,88.9,32/36,83.3,10/12,✔✔✔✔✔✔✔✗✗✔✔✔,3,3.9
8284,🟢 全期強勢,2026/05,8.7,120,92.5,111/120,88.3,53/60,86.1,31/36,100.0,12/12,✔✔✔✔✔✔✔✔✔✔✔✔,16,12.5
6612,🟢 全期強勢,2026/06,30.2,105,76.2,80/105,90.0,54/60,86.1,31/36,83.3,10/12,✔✔✔✔✗✔✗✔✔✔✔✔,5,24.0
3265,🟢 全期強勢,2026/06,3.6,120,70.8,85/120,83.3,50/60,91.7,33/36,100.0,12/12,✔✔✔✔✔✔✔✔✔✔✔✔,18,12.6
4114,🟢 全期強勢,2026/06,30.7,120,77.5,93/120,88.3,53/60,83.3,30/36,91.7,11/12,✔✔✔✔✔✔✔✗✔✔✔✔,4,14.9
3653,🟢 全期強勢,2026/06,57.6,120,90.8,109/120,88.3,53/60,83.3,30/36,91.7,11/12,✔✔✔✔✔✔✔✗✔✔✔✔,4,22.6
5903,🟢 全期強勢,2026/06,3.3,120,91.7,110/120,88.3,53/60,97.2,35/36,100.0,12/12,✔✔✔✔✔✔✔✔✔✔✔✔,16,7.0
9911,🟢 全期強勢,2026/06,6.7,120,79.2,95/120,86.7,52/60,97.2,35/36,91.7,11/12,✔✔✔✗✔✔✔✔✔✔✔✔,8,7.4
3130,🟢 全期強勢,2026/06,7.9,120,75.8,91/120,88.3,53/60,94.4,34/36,91.7,11/12,✔✔✔✔✔✔✔✗✔✔✔✔,4,5.0
1513,🟢 全期強勢,2026/06,8.3,120,71.7,86/120,81.7,49/60,88.9,32/36,83.3,10/12,✔✔✔✗✔✔✔✗✔✔✔✔,4,12.8
4116,🟢 全期強勢,2026/06,5.6,120,81.7,98/120,88.3,53/60,94.4,34/36,83.3,10/12,✔✔✔✔✗✔✔✗✔✔✔✔,4,23.7
2812,🟢 全期強勢,2026/06,16.6,120,78.3,94/120,86.7,52/60,88.9,32/36,100.0,12/12,✔✔✔✔✔✔✔✔✔✔✔✔,12,9.2
2330,🟢 全期強勢,2026/05,30.1,120,80.0,96/120,85.0,51/60,83.3,30/36,100.0,12/12,✔✔✔✔✔✔✔✔✔✔✔✔,29,19.5
1736,🟢 全期強勢,2026/06,14.2,120,82.5,99/120,83.3,50/60,97.2,35/36,91.7,11/12,✔✗✔✔✔✔✔✔✔✔✔✔,10,12.3
5904,🟢 全期強勢,2026/06,8.4,120,89.2,107/120,85.0,51/60,88.9,32/36,91.7,11/12,✔✔✔✔✔✔✗✔✔✔✔✔,5,9.2
2880,🟢 全期強勢,2026/05,58.3,120,74.2,89/120,78.3,47/60,86.1,31/36,100.0,12/12,✔✔✔✔✔✔✔✔✔✔✔✔,12,9.2
2850,🟢 全期強勢,2026/05,46.6,120,82.5,99/120,83.3,50/60,86.1,31/36,100.0,12/12,✔✔✔✔✔✔✔✔✔✔✔✔,14,7.9
2887,🟢 全期強勢,2026/05,117.9,120,78.3,94/120,83.3,50/60,86.1,31/36,91.7,11/12,✗✔✔✔✔✔✔✔✔✔✔✔,11,23.4
3036,🟢 全期強勢,2026/06,188.1,120,83.3,100/120,83.3,50/60,88.9,32/36,91.7,11/12,✗✔✔✔✔✔✔✔✔✔✔✔,11,35.0
3162,🟢 全期強勢,2026/06,58.7,120,74.2,89/120,88.3,53/60,88.9,32/36,83.3,10/12,✔✔✔✔✔✔✔✗✔✗✔✔,2,40.9
3029,🟢 全期強勢,2026/06,13.6,120,75.8,91/120,83.3,50/60,88.9,32/36,83.3,10/12,✔✔✔✔✔✗✔✗✔✔✔✔,4,19.8
5493,🟢 全期強勢,2026/06,19.3,120,80.8,97/120,81.7,49/60,88.9,32/36,91.7,11/12,✔✔✔✔✔✔✔✗✔✔✔✔,4,11.8
2059,🟢 全期強勢,2026/06,220.5,120,70.8,85/120,80.0,48/60,86.1,31/36,100.0,12/12,✔✔✔✔✔✔✔✔✔✔✔✔,31,24.9
2368,🟢 全期強勢,2026/06,78.2,120,70.0,84/120,81.7,49/60,86.1,31/36,100.0,12/12,✔✔✔✔✔✔✔✔✔✔✔✔,30,18.2
8462,🟢 全期強勢,2026/06,20.1,120,85.8,103/120,81.7,49/60,100.0,36/36,100.0,12/12,✔✔✔✔✔✔✔✔✔✔✔✔,41,374.5
2383,🟢 全期強勢,2026/06,120.7,120,75.8,91/120,80.0,48/60,100.0,36/36,100.0,12/12,✔✔✔✔✔✔✔✔✔✔✔✔,36,22.8
5607,🟢 全期強勢,2026/06,37.0,120,84.2,101/120,80.0,48/60,88.9,32/36,100.0,12/12,✔✔✔✔✔✔✔✔✔✔✔✔,32,17.8
5274,🟢 全期強勢,2026/06,67.5,120,83.3,100/120,80.0,48/60,83.3,30/36,100.0,12/12,✔✔✔✔✔✔✔✔✔✔✔✔,30,33.6
5312,🟢 全期強勢,2026/06,9.5,120,76.7,92/120,81.7,49/60,80.6,29/36,91.7,11/12,✔✔✔✔✔✔✔✗✔✔✔✔,4,6.4
6112,🟢 全期強勢,2026/06,-2.3,120,79.2,95/120,78.3,47/60,86.1,31/36,91.7,11/12,✔✔✔✔✔✔✔✔✔✔✔✗,0,11.8
8210,🟢 全期強勢,2026/06,98.0,120,70.8,85/120,76.7,46/60,83.3,30/36,100.0,12/12,✔✔✔✔✔✔✔✔✔✔✔✔,18,23.3
6449,🟢 全期強勢,2026/06,23.3,120,78.3,94/120,76.7,46/60,100.0,36/36,100.0,12/12,✔✔✔✔✔✔✔✔✔✔✔✔,39,16.4
3687,🟢 全期強勢,2026/06,15.5,120,75.0,90/120,81.7,49/60,83.3,30/36,83.3,10/12,✗✔✔✔✔✔✔✗✔✔✔✔,4,10.5
6257,🟢 全期強勢,2026/06,21.0,120,79.2,95/120,76.7,46/60,86.1,31/36,100.0,12/12,✔✔✔✔✔✔✔✔✔✔✔✔,31,17.5
6683,🟢 全期強勢,2026/06,24.5,87,83.9,73/87,76.7,46/60,83.3,30/36,100.0,12/12,✔✔✔✔✔✔✔✔✔✔✔✔,30,21.7
3551,🟢 全期強勢,2026/06,26.1,120,80.0,96/120,76.7,46/60,83.3,30/36,100.0,12/12,✔✔✔✔✔✔✔✔✔✔✔✔,30,10.1
6776,🟢 全期強勢,2026/06,50.7,67,73.1,49/67,75.0,45/60,83.3,30/36,91.7,11/12,✔✔✔✔✔✔✔✗✔✔✔✔,4,14.8
7556,🟢 全期強勢,2026/06,8.8,71,76.1,54/71,78.3,47/60,83.3,30/36,83.3,10/12,✔✗✔✔✔✔✔✗✔✔✔✔,4,13.2
6138,🟢 全期強勢,2026/06,11.1,120,78.3,94/120,75.0,45/60,91.7,33/36,100.0,12/12,✔✔✔✔✔✔✔✔✔✔✔✔,19,11.6
6525,🟢 全期強勢,2026/06,19.8,114,77.2,88/114,75.0,45/60,83.3,30/36,100.0,12/12,✔✔✔✔✔✔✔✔✔✔✔✔,28,8.5
3044,🟢 全期強勢,2026/06,42.0,120,76.7,92/120,75.0,45/60,83.3,30/36,100.0,12/12,✔✔✔✔✔✔✔✔✔✔✔✔,17,7.5
1519,🟢 全期強勢,2026/05,-9.3,120,64.2,77/120,70.0,42/60,94.4,34/36,91.7,11/12,✔✔✔✔✔✔✔✔✔✔✔✗,0,26.7
2353,🟢 全期強勢,2026/06,-3.0,120,62.5,75/120,61.7,37/60,80.6,29/36,75.0,9/12,✗✗✔✔✔✔✔✔✔✔✔✗,0,4.1
2357,🟢 全期強勢,2026/06,55.6,120,51.7,62/120,75.0,45/60,91.7,33/36,100.0,12/12,✔✔✔✔✔✔✔✔✔✔✔✔,30,8.4
2363,🟢 全期強勢,2026/06,74.8,120,60.0,72/120,68.3,41/60,88.9,32/36,100.0,12/12,✔✔✔✔✔✔✔✔✔✔✔✔,27,135.0
2645,🟢 全期強勢,2026/05,10.6,43,88.4,38/43,88.4,38/43,86.1,31/36,83.3,10/12,✔✔✔✔✔✔✗✔✗✔✔✔,3,16.6
2884,🟢 全期強勢,2026/06,25.3,120,76.7,92/120,75.0,45/60,88.9,32/36,100.0,12/12,✔✔✔✔✔✔✔✔✔✔✔✔,17,11.3
2889,🟢 全期強勢,2026/06,100.0,120,64.2,77/120,63.3,38/60,80.6,29/36,100.0,12/12,✔✔✔✔✔✔✔✔✔✔✔✔,12,45.8
2891,🟢 全期強勢,2026/05,76.1,120,51.7,62/120,70.0,42/60,83.3,30/36,83.3,10/12,✔✗✔✔✔✔✔✔✔✗✔✔,2,15.9
3019,🟢 全期強勢,2026/06,13.1,120,58.3,70/120,63.3,38/60,83.3,30/36,83.3,10/12,✗✔✔✔✔✗✔✔✔✔✔✔,6,6.6
3324,🟢 全期強勢,2026/06,62.1,120,76.7,92/120,71.7,43/60,83.3,30/36,100.0,12/12,✔✔✔✔✔✔✔✔✔✔✔✔,12,22.1
3630,🟢 全期強勢,2026/06,-5.5,120,53.3,64/120,55.0,33/60,88.9,32/36,83.3,10/12,✔✔✔✔✔✔✔✔✔✗✔✗,0,26.8
3702,🟢 全期強勢,2026/06,131.9,120,65.0,78/120,71.7,43/60,86.1,31/36,83.3,10/12,✔✗✗✔✔✔✔✔✔✔✔✔,9,10.7
3715,🟢 全期強勢,2026/06,45.5,35,94.3,33/35,94.3,33/35,94.3,33/35,83.3,10/12,✗✗✔✔✔✔✔✔✔✔✔✔,10,16.0
4772,🟢 全期強勢,2026/06,272.7,12,100.0,12/12,100.0,12/12,100.0,12/12,100.0,12/12,✔✔✔✔✔✔✔✔✔✔✔✔,12,241.7
4904,🟢 全期強勢,2026/06,15.9,120,58.3,70/120,90.0,54/60,94.4,34/36,100.0,12/12,✔✔✔✔✔✔✔✔✔✔✔✔,12,2.2
5203,🟢 全期強勢,2026/06,-9.7,120,56.7,68/120,78.3,47/60,88.9,32/36,75.0,9/12,✔✔✔✔✔✔✔✔✔✗✗✗,0,3.0
5269,🟢 全期強勢,2026/06,-22.4,120,67.5,81/120,60.0,36/60,86.1,31/36,75.0,9/12,✔✔✔✔✔✔✔✔✔✗✗✗,0,32.8
6005,🟢 全期強勢,2026/05,155.5,120,68.3,82/120,71.7,43/60,88.9,32/36,91.7,11/12,✔✗✔✔✔✔✔✔✔✔✔✔,10,43.4
6274,🟢 全期強勢,2026/06,107.7,120,65.8,79/120,70.0,42/60,91.7,33/36,100.0,12/12,✔✔✔✔✔✔✔✔✔✔✔✔,28,15.0
6469,🟢 全期強勢,2026/06,-4.9,120,96.7,116/120,93.3,56/60,91.7,33/36,75.0,9/12,✔✔✔✔✔✔✗✔✔✗✔✗,0,23.4
6712,🟢 全期強勢,2026/06,16.1,72,95.8,69/72,95.0,57/60,94.4,34/36,83.3,10/12,✔✔✔✔✔✔✗✗✔✔✔✔,4,204.4
6739,🟢 全期強勢,2026/06,101.1,13,100.0,13/13,100.0,13/13,100.0,13/13,100.0,12/12,✔✔✔✔✔✔✔✔✔✔✔✔,13,98.8
6787,🟢 全期強勢,2026/06,17.5,61,72.1,44/61,73.3,44/60,83.3,30/36,100.0,12/12,✔✔✔✔✔✔✔✔✔✔✔✔,15,149.7
6788,🟢 全期強勢,2026/06,6.3,60,80.0,48/60,80.0,48/60,83.3,30/36,83.3,10/12,✗✔✗✔✔✔✔✔✔✔✔✔,9,33.9
6791,🟢 全期強勢,2026/06,9.3,55,98.2,54/55,98.2,54/55,100.0,36/36,100.0,12/12,✔✔✔✔✔✔✔✔✔✔✔✔,41,16.8
8016,🟢 全期強勢,2026/06,26.6,120,70.0,84/120,66.7,40/60,83.3,30/36,91.7,11/12,✔✗✔✔✔✔✔✔✔✔✔✔,10,12.1
1268,🟢 全期強勢,2026/06,23.4,119,73.9,88/119,76.7,46/60,80.6,29/36,75.0,9/12,✔✔✗✔✔✗✗✔✔✔✔✔,5,17.8
2727,🔵 多數成長,2026/06,16.6,120,63.3,76/120,68.3,41/60,72.2,26/36,75.0,9/12,✗✔✗✔✔✔✗✔✔✔✔✔,5,6.1
8996,🔵 多數成長,2026/06,37.6,120,64.2,77/120,80.0,48/60,75.0,27/36,100.0,12/12,✔✔✔✔✔✔✔✔✔✔✔✔,17,23.8
3013,🟢 全期強勢,2026/06,26.5,120,69.2,83/120,76.7,46/60,80.6,29/36,83.3,10/12,✗✔✔✔✔✔✔✗✔✔✔✔,4,17.4
1560,🟢 全期強勢,2026/06,16.4,120,80.0,96/120,76.7,46/60,80.6,29/36,100.0,12/12,✔✔✔✔✔✔✔✔✔✔✔✔,27,9.3
2360,🟢 全期強勢,2026/06,73.0,120,70.8,85/120,71.7,43/60,80.6,29/36,100.0,12/12,✔✔✔✔✔✔✔✔✔✔✔✔,13,19.7
2379,🔵 多數成長,2026/06,20.6,120,80.0,96/120,66.7,40/60,72.2,26/36,66.7,8/12,✗✗✔✔✔✗✔✗✔✔✔✔,4,15.4
3008,🔵 多數成長,2026/06,-10.5,120,51.7,62/120,51.7,31/60,69.4,25/36,33.3,4/12,✗✗✗✗✗✗✔✗✔✔✔✗,0,5.1
3406,🔵 多數成長,2026/06,4.5,120,71.7,86/120,80.0,48/60,77.8,28/36,100.0,12/12,✔✔✔✔✔✔✔✔✔✔✔✔,13,19.3
3362,🔵 多數成長,2026/06,-21.6,120,74.2,89/120,58.3,35/60,61.1,22/36,41.7,5/12,✔✗✗✔✗✔✔✗✔✗✗✗,0,15.2
6209,🔵 多數成長,2026/06,73.3,120,50.0,60/120,61.7,37/60,63.9,23/36,100.0,12/12,✔✔✔✔✔✔✔✔✔✔✔✔,21,4.8
3504,🔴 轉弱/衰退,2026/06,-2.4,120,44.2,53/120,40.0,24/60,33.3,12/36,50.0,6/12,✗✗✗✗✔✔✔✗✔✔✔✗,0,0.8
3081,🔵 多數成長,2026/06,128.1,120,57.5,69/120,58.3,35/60,75.0,27/36,100.0,12/12,✔✔✔✔✔✔✔✔✔✔✔✔,18,16.2
2455,🔵 多數成長,2026/06,23.6,120,53.3,64/120,55.0,33/60,75.0,27/36,100.0,12/12,✔✔✔✔✔✔✔✔✔✔✔✔,12,10.9
4991,🟢 全期強勢,2026/06,55.1,120,51.7,62/120,66.7,40/60,80.6,29/36,100.0,12/12,✔✔✔✔✔✔✔✔✔✔✔✔,13,8.9
3363,🟡 中性,2026/06,-15.7,120,56.7,68/120,53.3,32/60,58.3,21/36,50.0,6/12,✔✔✔✔✗✔✗✔✗✗✗✗,0,9.0
4979,🟢 全期強勢,2026/06,27.7,120,54.2,65/120,78.3,47/60,88.9,32/36,75.0,9/12,✔✔✗✗✔✔✔✗✔✔✔✔,4,16.6
6442,🟢 全期強勢,2026/06,1.6,120,50.8,61/120,66.7,40/60,80.6,29/36,75.0,9/12,✔✔✔✔✔✗✗✔✔✗✔✔,2,22.6
3163,🟡 中性,2026/06,-11.5,120,54.2,65/120,55.0,33/60,58.3,21/36,91.7,11/12,✔✔✔✔✔✔✔✔✔✔✔✗,0,4.4
4977,🔴 轉弱/衰退,2026/06,8.1,120,55.8,67/120,38.3,23/60,33.3,12/36,8.3,1/12,✗✗✗✗✗✗✗✗✗✗✗✔,1,6.2
3234,🟡 中性,2026/06,62.8,120,30.8,37/120,31.7,19/60,50.0,18/36,83.3,10/12,✔✔✔✔✔✔✔✗✗✔✔✔,3,-12.7
3711,🔵 多數成長,2026/06,32.9,86,75.6,65/86,70.0,42/60,72.2,26/36,91.7,11/12,✗✔✔✔✔✔✔✔✔✔✔✔,11,9.2
6451,🟡 中性,2026/06,40.6,120,50.0,60/120,51.7,31/60,55.6,20/36,66.7,8/12,✔✔✔✔✔✗✔✗✗✗✔✔,2,11.6
3450,🟡 中性,2026/06,88.2,120,46.7,56/120,53.3,32/60,58.3,21/36,25.0,3/12,✗✗✗✗✗✗✗✗✗✔✔✔,3,4.4
6515,🔵 多數成長,2026/06,287.9,71,67.6,48/71,73.3,44/60,63.9,23/36,75.0,9/12,✔✗✗✔✔✔✔✗✔✔✔✔,4,37.4
9942,🟡 中性,2026/06,26.6,120,60.0,72/120,63.3,38/60,47.2,17/36,66.7,8/12,✔✗✔✗✗✔✔✗✔✔✔✔,4,5.9
2882,🟡 中性,2026/05,28.8,120,47.5,57/120,38.3,23/60,52.8,19/36,50.0,6/12,✗✗✔✔✔✔✗✗✗✗✔✔,2,13.3
2881,🔵 多數成長,2026/05,300.3,120,50.0,60/120,50.0,30/60,69.4,25/36,58.3,7/12,✗✗✔✔✔✔✔✗✗✗✔✔,2,31.6
2851,🔵 多數成長,2026/05,170.2,120,70.0,84/120,60.0,36/60,66.7,24/36,66.7,8/12,✗✗✔✔✔✔✔✗✔✗✔✔,2,9.0
2885,🔵 多數成長,2026/05,227.3,120,65.0,78/120,50.0,30/60,77.8,28/36,83.3,10/12,✗✗✔✔✔✔✔✔✔✔✔✔,10,12.1
2883,🔵 多數成長,2026/05,172.7,120,50.0,60/120,38.3,23/60,61.1,22/36,66.7,8/12,✔✗✔✔✔✔✗✔✗✗✔✔,2,29.9
2855,🔵 多數成長,2026/05,428.4,120,57.5,69/120,58.3,35/60,69.4,25/36,83.3,10/12,✗✔✔✔✔✔✔✔✔✗✔✔,2,106.8
8926,🔵 多數成長,2026/06,1719.5,120,57.5,69/120,55.0,33/60,66.7,24/36,58.3,7/12,✗✗✗✔✗✗✔✔✔✔✔✔,6,105.1
6505,🔴 轉弱/衰退,2026/06,18.5,120,49.2,59/120,51.7,31/60,33.3,12/36,41.7,5/12,✗✗✗✗✗✔✗✗✔✔✔✔,4,6.4
1504,🟡 中性,2026/06,0.1,120,59.2,71/120,71.7,43/60,55.6,20/36,91.7,11/12,✔✔✔✔✔✔✔✗✔✔✔✔,4,2.6
2049,🟡 中性,2026/06,31.6,120,60.0,72/120,53.3,32/60,50.0,18/36,58.3,7/12,✗✗✗✗✔✔✔✗✔✔✔✔,4,10.2
8341,🔵 多數成長,2026/06,7.0,120,73.3,88/120,65.0,39/60,63.9,23/36,83.3,10/12,✗✔✔✔✔✗✔✔✔✔✔✔,6,10.9
8422,🟡 中性,2026/06,50.3,120,50.0,60/120,60.0,36/60,44.4,16/36,50.0,6/12,✔✗✔✔✗✗✗✗✔✗✔✔,2,10.9
9933,🟡 中性,2026/06,-16.6,120,54.2,65/120,61.7,37/60,44.4,16/36,0.0,0/12,✗✗✗✗✗✗✗✗✗✗✗✗,0,4.8
2313,🔵 多數成長,2026/06,21.0,120,66.7,80/120,63.3,38/60,61.1,22/36,66.7,8/12,✗✗✔✔✗✔✔✔✔✗✔✔,2,7.3
3481,🔵 多數成長,2026/05,10.3,120,48.3,58/120,51.7,31/60,66.7,24/36,83.3,10/12,✗✔✔✔✔✗✔✔✔✔✔✔,6,1.0
3189,🔵 多數成長,2026/06,32.3,120,65.0,78/120,73.3,44/60,77.8,28/36,100.0,12/12,✔✔✔✔✔✔✔✔✔✔✔✔,19,9.6
4174,🔵 多數成長,2026/06,165.9,72,48.6,35/72,55.0,33/60,61.1,22/36,41.7,5/12,✗✗✔✔✔✗✔✗✗✗✗✔,1,392.0
4746,🟡 中性,2026/06,0.3,120,52.5,63/120,56.7,34/60,52.8,19/36,50.0,6/12,✔✔✔✔✗✗✔✗✗✗✗✔,1,5.7
1784,🔵 多數成長,2026/05,15.0,120,70.0,84/120,71.7,43/60,72.2,26/36,66.7,8/12,✔✔✗✗✔✗✔✔✗✔✔✔,3,8.0
6589,🟡 中性,2026/06,94.3,108,57.4,62/108,48.3,29/60,52.8,19/36,75.0,9/12,✗✗✔✔✔✔✔✔✔✗✔✔,2,48.9
8299,🔵 多數成長,2026/06,301.0,120,56.7,68/120,63.3,38/60,75.0,27/36,100.0,12/12,✔✔✔✔✔✔✔✔✔✔✔✔,15,21.0
2408,🔵 多數成長,2026/06,621.3,120,62.5,75/120,53.3,32/60,63.9,23/36,100.0,12/12,✔✔✔✔✔✔✔✔✔✔✔✔,13,50.4
2344,🔵 多數成長,2026/06,189.9,120,67.5,81/120,60.0,36/60,66.7,24/36,91.7,11/12,✗✔✔✔✔✔✔✔✔✔✔✔,11,18.5
2337,🔵 多數成長,2026/06,216.1,120,63.3,76/120,55.0,33/60,61.1,22/36,91.7,11/12,✔✗✔✔✔✔✔✔✔✔✔✔,10,13.2
6770,🔵 多數成長,2026/06,68.8,78,71.8,56/78,63.3,38/60,66.7,24/36,100.0,12/12,✔✔✔✔✔✔✔✔✔✔✔✔,13,36.7
5289,🟢 全期強勢,2026/06,696.3,120,65.8,79/120,66.7,40/60,80.6,29/36,100.0,12/12,✔✔✔✔✔✔✔✔✔✔✔✔,27,41.9
2329,🔵 多數成長,2026/06,3.6,120,58.3,70/120,66.7,40/60,75.0,27/36,100.0,12/12,✔✔✔✔✔✔✔✔✔✔✔✔,17,4.1
3260,🔵 多數成長,2026/06,212.1,120,65.8,79/120,61.7,37/60,77.8,28/36,100.0,12/12,✔✔✔✔✔✔✔✔✔✔✔✔,15,23.0
2451,🔵 多數成長,2026/06,381.5,120,34.2,41/120,50.0,30/60,63.9,23/36,100.0,12/12,✔✔✔✔✔✔✔✔✔✔✔✔,17,21.3
8150,🔵 多數成長,2026/06,37.2,120,65.8,79/120,61.7,37/60,72.2,26/36,83.3,10/12,✗✗✔✔✔✔✔✔✔✔✔✔,10,4.9
2395,🔵 多數成長,2026/06,73.4,120,73.3,88/120,75.0,45/60,61.1,22/36,100.0,12/12,✔✔✔✔✔✔✔✔✔✔✔✔,21,8.4
2065,🔴 轉弱/衰退,2026/06,11.8,120,57.5,69/120,36.7,22/60,33.3,12/36,41.7,5/12,✗✗✗✗✗✔✗✗✔✔✔✔,4,9.9
4967,🔵 多數成長,2026/06,35.0,120,59.2,71/120,55.0,33/60,66.7,24/36,66.7,8/12,✗✗✔✗✔✔✔✗✔✔✔✔,4,35.9
8271,🔵 多數成長,2026/06,200.6,120,57.5,69/120,65.0,39/60,72.2,26/36,100.0,12/12,✔✔✔✔✔✔✔✔✔✔✔✔,17,21.0
5227,🔴 轉弱/衰退,2026/06,-87.0,120,43.3,52/120,51.7,31/60,25.0,9/36,0.0,0/12,✗✗✗✗✗✗✗✗✗✗✗✗,0,75.9
6863,🔵 多數成長,2026/06,80.8,30,66.7,20/30,66.7,20/30,66.7,20/30,41.7,5/12,✗✗✗✗✗✗✗✔✔✔✔✔,5,31.5
6441,🔴 轉弱/衰退,2026/06,-48.7,120,40.8,49/120,23.3,14/60,19.4,7/36,0.0,0/12,✗✗✗✗✗✗✗✗✗✗✗✗,0,7.9
2327,🔵 多數成長,2026/06,38.9,120,75.0,90/120,75.0,45/60,75.0,27/36,91.7,11/12,✗✔✔✔✔✔✔✔✔✔✔✔,11,29.3
4583,🔵 多數成長,2026/06,30.0,58,62.1,36/58,62.1,36/58,66.7,24/36,58.3,7/12,✗✗✗✗✔✔✔✗✔✔✔✔,4,1.1
2915,🔴 轉弱/衰退,2026/05,-21.8,120,34.2,41/120,46.7,28/60,36.1,13/36,8.3,1/12,✗✗✗✔✗✗✗✗✗✗✗✗,0,18.7
3105,🔵 多數成長,2026/06,29.6,120,59.2,71/120,50.0,30/60,66.7,24/36,83.3,10/12,✗✗✔✔✔✔✔✔✔✔✔✔,10,8.8
1723,🔴 轉弱/衰退,2026/06,32.1,120,49.2,59/120,43.3,26/60,25.0,9/36,33.3,4/12,✗✗✗✗✗✗✗✗✔✔✔✔,4,7.4
3023,🟡 中性,2026/06,17.6,120,79.2,95/120,66.7,40/60,44.4,16/36,41.7,5/12,✗✗✗✗✗✗✔✗✔✔✔✔,4,10.5
3016,🔴 轉弱/衰退,2026/05,37.3,120,64.2,77/120,45.0,27/60,27.8,10/36,66.7,8/12,✗✗✗✗✔✔✔✔✔✔✔✔,8,24.3
6488,🔴 轉弱/衰退,2026/06,-1.6,120,66.7,80/120,55.0,33/60,27.8,10/36,25.0,3/12,✗✗✔✗✗✔✗✗✔✗✗✗,0,22.8
6182,🟡 中性,2026/06,14.1,120,63.3,76/120,60.0,36/60,52.8,19/36,91.7,11/12,✔✔✔✔✔✔✔✗✔✔✔✔,4,9.3
8231,— 資料不足/新上市
6435,🟢 全期強勢,2026/06,21.6,120,75.0,90/120,68.3,41/60,80.6,29/36,100.0,12/12,✔✔✔✔✔✔✔✔✔✔✔✔,19,13.2
2634,🟡 中性,2026/06,7.2,120,60.0,72/120,68.3,41/60,50.0,18/36,50.0,6/12,✗✗✔✗✗✔✔✗✗✔✔✔,3,5.2
1503,🔵 多數成長,2026/05,8.4,120,70.8,85/120,73.3,44/60,66.7,24/36,75.0,9/12,✔✗✔✗✔✔✔✔✗✔✔✔,3,7.4
1514,🔵 多數成長,2026/06,39.7,120,72.5,87/120,78.3,47/60,69.4,25/36,91.7,11/12,✔✔✔✔✔✔✔✔✔✔✗✔,1,13.9
8027,🟡 中性,2026/06,58.5,120,54.2,65/120,46.7,28/60,47.2,17/36,75.0,9/12,✗✗✔✔✔✔✔✔✗✔✔✔,3,16.0
3673,🔴 轉弱/衰退,2026/06,7.0,120,43.3,52/120,31.7,19/60,33.3,12/36,41.7,5/12,✗✗✗✗✗✗✔✔✔✔✗✔,1,-1.0
8064,🟡 中性,2026/06,15.9,120,46.7,56/120,40.0,24/60,44.4,16/36,83.3,10/12,✔✗✔✔✔✔✔✔✔✔✗✔,1,11.2
3131,🔵 多數成長,2026/06,15.2,120,65.0,78/120,70.0,42/60,75.0,27/36,91.7,11/12,✔✔✔✔✔✔✔✔✔✗✔✔,2,17.2
3455,🔴 轉弱/衰退,2026/06,-30.0,120,55.8,67/120,46.7,28/60,33.3,12/36,33.3,4/12,✔✔✔✗✗✗✗✗✗✗✔✗,0,14.2
3055,🔴 轉弱/衰退,2026/06,-84.1,120,42.5,51/120,28.3,17/60,27.8,10/36,41.7,5/12,✗✗✗✗✔✔✔✗✔✔✗✗,0,-1.9
3535,🔴 轉弱/衰退,2026/06,160.9,120,47.5,57/120,40.0,24/60,36.1,13/36,66.7,8/12,✗✗✔✔✔✔✔✔✗✗✔✔,2,273.2
4760,🟢 全期強勢,2026/06,64.8,120,76.7,92/120,70.0,42/60,100.0,36/36,100.0,12/12,✔✔✔✔✔✔✔✔✔✔✔✔,38,28.2
4768,🟡 中性,2026/06,115.9,95,62.1,59/95,68.3,41/60,55.6,20/36,83.3,10/12,✗✗✔✔✔✔✔✔✔✔✔✔,10,26.7
3037,🟢 全期強勢,2026/06,36.3,120,76.7,92/120,78.3,47/60,80.6,29/36,100.0,12/12,✔✔✔✔✔✔✔✔✔✔✔✔,29,10.2
2467,🔵 多數成長,2026/06,94.1,120,64.2,77/120,65.0,39/60,77.8,28/36,100.0,12/12,✔✔✔✔✔✔✔✔✔✔✔✔,12,15.1
1802,🟡 中性,2026/06,27.0,120,48.3,58/120,41.7,25/60,47.2,17/36,58.3,7/12,✔✗✔✗✗✗✔✗✔✔✔✔,4,2.3
4416,🔵 多數成長,2026/06,257.2,120,65.0,78/120,73.3,44/60,75.0,27/36,83.3,10/12,✔✔✔✔✔✔✔✔✔✗✗✔,1,157.4
2412,🟢 全期強勢,2026/05,5.4,120,57.5,69/120,81.7,49/60,83.3,30/36,91.7,11/12,✔✔✔✔✔✔✗✔✔✔✔✔,5,0.6
3045,🔵 多數成長,2026/05,3.9,120,77.5,93/120,86.7,52/60,77.8,28/36,50.0,6/12,✗✗✗✗✗✔✔✔✗✔✔✔,3,5.8
2404,🟡 中性,2026/05,85.0,120,57.5,69/120,61.7,37/60,52.8,19/36,100.0,12/12,✔✔✔✔✔✔✔✔✔✔✔✔,14,35.6
4749,— 資料不足/新上市,2026/06,24.6,8,87.5,7/8,87.5,7/8,87.5,7/8,87.5,7/8,✔✔✔✔✔✗✔✔,2,17.3
9931,🔵 多數成長,2026/06,36.1,120,58.3,70/120,66.7,40/60,66.7,24/36,75.0,9/12,✔✔✗✔✔✔✔✔✗✗✔✔,2,7.4
9918,🟡 中性,2026/06,1.2,120,49.2,59/120,53.3,32/60,52.8,19/36,41.7,5/12,✗✔✔✗✗✗✗✗✗✔✔✔,3,1.7
9908,🟡 中性,2026/06,6.6,120,54.2,65/120,58.3,35/60,55.6,20/36,50.0,6/12,✔✔✔✗✗✗✔✗✔✗✗✔,1,-0.4
3026,🟡 中性,2026/06,33.3,120,47.5,57/120,35.0,21/60,47.2,17/36,66.7,8/12,✗✗✔✗✔✔✔✗✔✔✔✔,4,2.5
6949,🔵 多數成長,2026/06,50.2,18,77.8,14/18,77.8,14/18,77.8,14/18,91.7,11/12,✔✔✔✔✔✔✗✔✔✔✔✔,5,56.0
2371,🔵 多數成長,2026/06,16.6,120,40.0,48/120,66.7,40/60,66.7,24/36,75.0,9/12,✔✔✔✔✔✔✔✗✔✗✗✔,1,-0.7
6239,🔵 多數成長,2026/06,21.7,120,66.7,80/120,58.3,35/60,61.1,22/36,100.0,12/12,✔✔✔✔✔✔✔✔✔✔✔✔,12,8.1
2425,🔵 多數成長,2026/06,375.6,120,53.3,64/120,61.7,37/60,72.2,26/36,91.7,11/12,✔✔✔✗✔✔✔✔✔✔✔✔,8,16.1
8719,— 資料不足/新上市
7703,— 資料不足/新上市,2026/06,25.1,10,70.0,7/10,70.0,7/10,70.0,7/10,70.0,7/10,✔✔✔✗✔✔✗✔✗✔,1,15.6
7730,— 資料不足/新上市
3030,🟢 全期強勢,2026/06,0.4,120,69.2,83/120,73.3,44/60,83.3,30/36,100.0,12/12,✔✔✔✔✔✔✔✔✔✔✔✔,18,17.2
7825,— 資料不足/新上市,2026/06,-46.7,4,25.0,1/4,25.0,1/4,25.0,1/4,25.0,1/4,✔✗✗✗,0,-42.0
7828,— 資料不足/新上市
1595,🔴 轉弱/衰退,2026/06,27.9,120,51.7,62/120,35.0,21/60,30.6,11/36,33.3,4/12,✗✗✗✔✗✗✔✗✗✗✔✔,2,10.6
4542,🟡 中性,2026/06,102.0,120,56.7,68/120,58.3,35/60,52.8,19/36,91.7,11/12,✔✔✔✔✔✔✔✗✔✔✔✔,4,28.2
3149,🔵 多數成長,2026/06,25.9,120,49.2,59/120,50.0,30/60,61.1,22/36,58.3,7/12,✗✗✔✔✔✔✔✔✗✗✗✔,1,3.1
4728,🔵 多數成長,2026/06,50.1,120,79.2,95/120,73.3,44/60,69.4,25/36,83.3,10/12,✗✔✔✔✔✔✔✗✔✔✔✔,4,56.9
2421,🔵 多數成長,2026/06,18.7,120,70.0,84/120,71.7,43/60,77.8,28/36,100.0,12/12,✔✔✔✔✔✔✔✔✔✔✔✔,27,8.6
3005,🔵 多數成長,2026/06,28.6,120,75.0,90/120,68.3,41/60,69.4,25/36,83.3,10/12,✔✔✔✔✔✔✔✗✗✔✔✔,3,9.2
4506,🔵 多數成長,2026/06,12.3,120,58.3,70/120,66.7,40/60,69.4,25/36,75.0,9/12,✔✔✗✔✗✗✔✔✔✔✔✔,6,6.6
2535,🔵 多數成長,2026/06,19.9,120,55.0,66/120,58.3,35/60,61.1,22/36,91.7,11/12,✔✔✔✔✔✔✔✔✔✗✔✔,2,12.3
1215,🟡 中性,2026/06,8.7,120,75.8,91/120,68.3,41/60,50.0,18/36,66.7,8/12,✔✗✔✗✔✔✔✗✔✗✔✔,2,5.7
1232,🟡 中性,2026/06,16.3,120,55.8,67/120,58.3,35/60,44.4,16/36,75.0,9/12,✗✗✔✔✗✔✔✔✔✔✔✔,7,3.7
5434,🔵 多數成長,2026/06,32.9,120,81.7,98/120,75.0,45/60,72.2,26/36,91.7,11/12,✔✔✔✗✔✔✔✔✔✔✔✔,8,14.2
1773,🔵 多數成長,2026/06,20.5,120,63.3,76/120,63.3,38/60,72.2,26/36,75.0,9/12,✔✗✔✗✔✔✔✗✔✔✔✔,4,9.0
2301,🔵 多數成長,2026/06,37.0,120,44.2,53/120,61.7,37/60,61.1,22/36,100.0,12/12,✔✔✔✔✔✔✔✔✔✔✔✔,21,-0.6
8081,🔵 多數成長,2026/06,7.2,120,79.2,95/120,63.3,38/60,72.2,26/36,50.0,6/12,✔✗✗✔✔✔✔✗✗✗✗✔,1,11.2
8046,🟡 中性,2026/06,50.0,120,65.0,78/120,61.7,37/60,52.8,19/36,100.0,12/12,✔✔✔✔✔✔✔✔✔✔✔✔,19,8.1
3443,🟡 中性,2026/06,103.7,120,68.3,82/120,70.0,42/60,58.3,21/36,91.7,11/12,✗✔✔✔✔✔✔✔✔✔✔✔,11,25.0
3665,🔵 多數成長,2026/06,63.8,120,80.8,97/120,76.7,46/60,72.2,26/36,100.0,12/12,✔✔✔✔✔✔✔✔✔✔✔✔,24,29.4
4958,🔵 多數成長,2026/06,32.8,120,68.3,82/120,70.0,42/60,69.4,25/36,58.3,7/12,✗✗✔✗✗✔✔✗✔✔✔✔,4,12.8
