日期,代號,名稱,訊號,未來訊號,評等,收盤,PER,PE位階,PBR位階,含金量
2026-06-25,8462,柏文,⚠️便宜陷阱(動態惡化),,C,137.0,14.64,0,1,3.22
2026-06-25,9917,中保科,✅B級買點,🔵未來低位,B,108.0,15.93,1,13,1.3
2026-06-25,6803,崑鼎,⚠️便宜陷阱,🔵未來低位,D,288.0,15.6,2,67,-0.87
2026-06-25,6741,91APP*-KY,⚠️便宜陷阱,🔵未來低位,B,61.8,14.01,2,3,0.96
2026-06-25,2752,豆府,✅B級買點,🔵未來低位,B,178.5,11.68,2,19,1.83
2026-06-25,6690,安碁資訊,✅B級買點,🔵未來低位,B,166.0,15.63,2,15,4.03
2026-06-25,2912,統一超,⚠️便宜陷阱(動態惡化),🔵未來低位,C,226.0,20.62,4,1,2.85
2026-06-25,6469,大樹,🔄循環買點(PBR),,C,74.0,18.93,5,14,2.05
2026-06-25,5203,訊連,⚠️便宜陷阱,,D,67.0,18.21,6,4,-2.09
2026-06-25,1736,喬山,⭐A級買點,🔵未來低位,A,119.0,14.44,6,0,1.09
2026-06-25,5269,祥碩,⚠️便宜陷阱,🔵未來低位,C,1435.0,17.68,8,8,0.9
2026-06-25,9911,櫻花,⚠️便宜陷阱,🔵未來低位,B,83.3,13.04,9,2,0.94
2026-06-25,3687,歐買尬,⚠️便宜陷阱,,C,76.0,17.16,10,8,0.53
2026-06-25,3130,一零四,⚠️便宜陷阱,🔵未來低位,C,221.5,14.69,10,18,1.55
2026-06-25,2884,玉山金,🏦金融(看PBR/殖利率),,金融🏦,35.5,16.72,13,88,
2026-06-25,6279,胡連,⚠️便宜陷阱,🔵未來低位,D,119.0,12.65,20,7,0.87
2026-06-25,4129,聯合,,🔵未來低位,A,90.9,19.1,21,59,2.1
2026-06-25,2753,八方雲集,,🔵未來低位,A,190.5,14.13,24,62,1.93
2026-06-25,5607,遠雄港,,,C,50.9,15.71,25,52,1.91
2026-06-25,6752,叡揚,,🔵未來低位,C,99.0,13.06,26,42,-0.08
2026-06-25,6721,信實,,,A,55.7,11.7,32,6,0.87
2026-06-25,6712,長聖,🔄循環買點(PBR),,C,153.0,29.03,34,2,1.16
2026-06-25,4772,台特化,,🔵未來低位,C,270.5,55.89,38,51,1.36
2026-06-25,6791,虎門科技,,,D,101.5,20.8,39,59,0.21
2026-06-25,3293,鈊象,,,B,760.0,15.12,40,90,1.08
2026-06-25,4953,緯軟,,,D,126.5,13.66,41,27,0.53
2026-06-25,4114,健喬,,,C,30.9,19.19,41,39,0.76
2026-06-25,3029,零壹,,,A,97.7,14.39,47,74,1.31
2026-06-25,2376,技嘉,⚠️便宜陷阱,,D,334.0,15.61,51,6,-1.14
2026-06-25,2453,凌群,,,B,56.6,18.03,52,1,0.9
2026-06-25,5904,寶雅,,,A,660.0,20.99,52,68,1.91
2026-06-25,2363,矽統,,,C,76.1,44.76,53,77,0.6
2026-06-25,2889,國票金,,,金融🏦,15.0,23.81,54,56,
2026-06-25,3019,亞光,,,C,150.0,21.87,55,93,0.97
2026-06-25,2640,大車隊,,,A,151.5,16.43,56,96,1.34
2026-06-25,3702,大聯大,,,D,107.0,13.48,57,98,-0.89
2026-06-25,3162,精確,,,B,82.3,67.46,58,75,5.72
2026-06-25,6005,群益證,,,金融🏦,38.8,10.84,59,100,-1.41
2026-06-25,6446,藥華藥,,,B,1195.0,73.49,59,73,1.0
2026-06-25,5903,全家,⚠️便宜陷阱(動態惡化),,D,188.5,27.08,59,18,6.49
2026-06-25,2357,華碩,,,D,748.0,13.37,61,97,-0.64
2026-06-25,2947,振宇五金,,,D,78.5,26.43,63,23,4.84
2026-06-25,3324,雙鴻,,,A,1010.0,28.73,63,80,-0.08
2026-06-25,3036,文曄,,,C,217.5,15.0,64,94,-0.2
2026-06-25,4116,明基醫,,,C,37.9,24.77,66,40,2.0
2026-06-25,1513,中興電,,,A,185.0,22.48,66,80,2.74
2026-06-25,2755,揚秦,,,A,144.5,20.64,67,73,1.52
2026-06-25,6776,展碁國際,,,D,54.8,12.66,69,50,-2.58
2026-06-25,2812,台中銀,,,金融🏦,20.1,13.1,70,79,
2026-06-25,4977,眾達-KY,,,D,177.0,38.39,74,94,-0.65
2026-06-25,8284,三竹,,,D,65.8,14.4,76,28,0.75
2026-06-25,2480,敦陽科,,,B,150.0,17.88,76,92,1.33
2026-06-25,6112,邁達特,,,D,44.0,26.01,76,63,-3.06
2026-06-25,5312,寶島科,,,C,90.3,15.33,77,42,2.38
2026-06-25,2353,宏碁,,,D,33.8,25.61,78,58,-2.99
2026-06-25,6739,竹陞科技,,,B,1110.0,57.84,79,91,1.15
2026-06-25,2645,長榮航太,,,B,173.5,26.49,80,96,1.37
2026-06-25,3081,聯亞,,,B,2120.0,277.49,81,98,1.13
2026-06-25,3004,豐達科,,,D,129.5,22.4,81,39,0.04
2026-06-25,6442,光聖,,,A,1865.0,68.97,81,95,1.02
2026-06-25,1519,華城,,,A,808.0,55.53,82,91,1.12
2026-06-25,2887,台新新光金,,,金融🏦,31.9,16.68,83,100,
2026-06-25,3450,聯鈞,,,C,586.0,174.4,84,100,1.73
2026-06-25,8210,勤誠,,,A,1285.0,37.55,86,98,0.84
2026-06-25,3017,奇鋐,,,A,2505.0,41.03,86,2,1.81
2026-06-25,2402,毅嘉,,,A,66.9,34.13,88,99,1.15
2026-06-25,2937,集雅社,,,D,0.0,12.95,88,98,0.11
2026-06-25,3551,世禾,,,D,198.0,22.78,88,93,-0.79
2026-06-25,3363,上詮,,,D,902.0,5637.5,90,88,0.97
2026-06-25,6138,茂達,,,A,364.0,25.78,90,100,1.21
2026-06-25,6788,華景電,,,A,443.0,23.96,90,97,1.09
2026-06-25,5278,尚凡*,⚠️便宜陷阱(動態惡化),,D,23.9,24.69,93,3,1.01
2026-06-25,4979,華星光,,,B,475.5,85.99,93,98,1.07
2026-06-25,3163,波若威,,,C,800.0,92.59,93,96,0.01
2026-06-25,2880,華南金,,,金融🏦,38.0,20.0,93,99,
2026-06-25,6612,奈米醫材,⚠️便宜陷阱,,D,72.2,84.94,95,4,-1.67
2026-06-25,2308,台達電,,,A,1980.0,73.04,95,98,1.28
2026-06-25,3653,健策,,,A,3390.0,92.37,95,99,0.92
2026-06-25,5493,三聯,,,D,95.5,23.18,95,91,1.03
2026-06-25,2368,金像電,,,A,1240.0,54.63,95,99,0.62
2026-06-25,2891,中信金,,,金融🏦,70.6,17.3,95,100,
2026-06-25,7556,意德士,,,B,280.5,36.52,96,96,0.63
2026-06-25,8016,矽創,,,D,330.5,20.92,96,68,1.55
2026-06-25,3587,閎康,,,D,297.0,39.23,96,81,3.9
2026-06-25,2330,台積電,,,A,2390.0,32.13,96,100,1.22
2026-06-25,4904,遠傳,,,B,108.5,27.47,96,90,2.4
2026-06-25,5274,信驊,,,A,17425.0,147.83,97,100,1.07
2026-06-25,6515,穎崴,,,A,9100.0,184.73,97,98,0.63
2026-06-25,2345,智邦,,,A,2380.0,45.01,97,99,0.92
2026-06-25,3583,辛耘,,,A,850.0,57.59,98,53,1.83
2026-06-25,6683,雍智科技,,,D,1885.0,105.37,98,97,1.45
2026-06-25,2455,全新,,,D,388.5,122.56,98,99,1.29
2026-06-25,3715,定穎投控,,,D,177.0,177.0,99,97,-1.6
2026-06-25,2850,新產,,,金融🏦,142.0,11.56,99,99,0.64
2026-06-25,3265,台星科,,,C,188.0,32.98,99,100,1.67
2026-06-25,6449,鈺邦,,,A,371.0,46.67,99,72,1.24
2026-06-25,6257,矽格,,,B,238.0,35.63,100,100,1.81
2026-06-25,2383,台光電,,,A,5640.0,121.16,100,4,0.76
2026-06-25,2059,川湖,,,A,7315.0,64.47,100,100,1.1
2026-06-25,6223,旺矽,,,A,6905.0,180.1,100,100,0.63
2026-06-25,2890,永豐金,,,金融🏦,40.0,20.28,100,100,
2026-06-25,6274,台燿,,,B,1700.0,120.91,100,100,-0.38
2026-06-25,3044,健鼎,,,A,532.0,25.85,100,100,1.13
2026-06-25,6525,捷敏-KY,,,B,154.0,25.37,100,100,1.71
2026-06-25,6451,訊芯-KY,,,D,525.0,2019.23,100,100,7.24
2026-06-25,3711,日月光投控,,,B,641.0,59.02,100,100,3.26
2026-06-26,9917,中保科,✅B級買點,🔵未來低位,B,105.5,15.56,0,13,1.3
2026-06-26,8462,柏文,⚠️便宜陷阱(動態惡化),,C,136.0,14.53,0,1,3.22
2026-06-26,2752,豆府,✅B級買點,🔵未來低位,B,177.0,11.58,1,19,1.83
2026-06-26,6690,安碁資訊,✅B級買點,🔵未來低位,B,162.0,15.25,1,15,4.03
2026-06-26,2912,統一超,⚠️便宜陷阱(動態惡化),🔵未來低位,C,223.0,20.35,2,1,2.85
2026-06-26,6803,崑鼎,⚠️便宜陷阱,🔵未來低位,D,288.0,15.6,2,67,-0.87
2026-06-26,6741,91APP*-KY,⚠️便宜陷阱,🔵未來低位,B,62.3,14.13,3,3,0.96
2026-06-26,6469,大樹,🔄循環買點(PBR),,C,72.8,18.62,4,14,2.05
2026-06-26,1736,喬山,⭐A級買點,🔵未來低位,A,118.5,14.38,6,0,1.09
2026-06-26,5203,訊連,⚠️便宜陷阱,,D,67.0,18.21,6,4,-2.09
2026-06-26,5269,祥碩,⚠️便宜陷阱,🔵未來低位,C,1365.0,16.82,6,8,0.9
2026-06-26,9911,櫻花,⚠️便宜陷阱,🔵未來低位,B,82.6,12.93,6,2,0.94
2026-06-26,3130,一零四,⚠️便宜陷阱,🔵未來低位,C,220.5,14.62,8,18,1.55
2026-06-26,2884,玉山金,🏦金融(看PBR/殖利率),,金融🏦,34.5,16.3,9,88,
2026-06-26,3687,歐買尬,⚠️便宜陷阱,,C,73.7,16.64,9,8,0.53
2026-06-26,4129,聯合,⭐A級買點,🔵未來低位,A,88.5,18.59,15,59,2.1
2026-06-26,6279,胡連,⚠️便宜陷阱,🔵未來低位,D,116.5,12.38,16,7,0.87
2026-06-26,5607,遠雄港,,,C,50.2,15.49,22,52,1.91
2026-06-26,2753,八方雲集,,🔵未來低位,A,190.0,14.09,23,62,1.93
2026-06-26,6752,叡揚,,🔵未來低位,C,97.2,12.82,24,42,-0.08
2026-06-26,6712,長聖,🔄循環買點(PBR),,C,147.5,27.99,28,2,1.16
2026-06-26,6721,信實,,,A,55.4,11.64,32,6,0.87
2026-06-26,4953,緯軟,,,D,122.5,13.23,33,27,0.53
2026-06-26,3019,亞光,,,C,139.5,20.34,34,93,0.97
2026-06-26,4114,健喬,,,C,30.3,18.82,35,39,0.76
2026-06-26,4772,台特化,,🔵未來低位,C,260.5,53.82,36,51,1.36
2026-06-26,6791,虎門科技,,,D,100.0,20.49,37,59,0.21
2026-06-26,5904,寶雅,,,A,636.0,20.22,40,68,1.91
2026-06-26,3029,零壹,,,A,95.8,14.11,44,74,1.31
2026-06-26,2376,技嘉,⚠️便宜陷阱,,D,319.5,14.93,48,6,-1.14
2026-06-26,2453,凌群,,,B,55.3,17.61,49,1,0.9
2026-06-26,2889,國票金,,,金融🏦,14.8,23.49,49,56,
2026-06-26,2363,矽統,,,C,68.6,40.35,49,77,0.6
2026-06-26,6005,群益證,,,金融🏦,37.8,10.56,50,100,-1.41
2026-06-26,2357,華碩,,,D,701.0,12.53,53,97,-0.64
2026-06-26,3162,精確,,,B,79.1,64.84,54,75,5.72
2026-06-26,2640,大車隊,,,A,150.0,16.27,54,96,1.34
2026-06-26,3702,大聯大,,,D,106.5,13.41,56,98,-0.89
2026-06-26,6446,藥華藥,,,B,1155.0,71.03,59,73,1.0
2026-06-26,5903,全家,⚠️便宜陷阱(動態惡化),,D,188.0,27.01,59,18,6.49
2026-06-26,1513,中興電,,,A,175.5,21.32,60,80,2.74
2026-06-26,3293,鈊象,,,B,745.0,18.45,60,90,1.08
2026-06-26,3324,雙鴻,,,A,970.0,27.6,60,80,-0.08
2026-06-26,2947,振宇五金,,,D,77.2,25.99,61,23,4.84
2026-06-26,6776,展碁國際,,,D,53.6,12.38,62,50,-2.58
2026-06-26,3036,文曄,,,C,215.5,14.86,63,94,-0.2
2026-06-26,4116,明基醫,,,C,37.4,24.44,64,40,2.0
2026-06-26,2755,揚秦,,,A,142.0,20.29,64,73,1.52
2026-06-26,2812,台中銀,,,金融🏦,19.8,12.94,64,79,
2026-06-26,6739,竹陞科技,,,B,1030.0,53.67,74,91,1.15
2026-06-26,6112,邁達特,,,D,42.2,24.97,74,63,-3.06
2026-06-26,8284,三竹,,,D,66.1,14.46,76,28,0.75
2026-06-26,2353,宏碁,,,D,31.9,24.17,76,58,-2.99
2026-06-26,5312,寶島科,,,C,89.7,15.23,77,42,2.38
2026-06-26,2645,長榮航太,,,B,170.5,26.03,78,96,1.37
2026-06-26,3017,奇鋐,,,A,2255.0,36.93,78,2,1.81
2026-06-26,1519,華城,,,A,780.0,53.61,79,91,1.12
2026-06-26,3081,聯亞,,,B,2035.0,266.36,79,98,1.13
2026-06-26,2480,敦陽科,,,B,153.0,18.24,79,92,1.33
2026-06-26,3004,豐達科,,,D,127.5,22.06,80,39,0.04
2026-06-26,2887,台新新光金,,,金融🏦,31.9,16.7,83,100,
2026-06-26,8210,勤誠,,,A,1230.0,35.94,83,98,0.84
2026-06-26,3551,世禾,,,D,190.0,21.86,83,93,-0.79
2026-06-26,6138,茂達,,,A,332.5,23.55,84,100,1.21
2026-06-26,2937,集雅社,,,D,49.0,12.86,87,98,0.11
2026-06-26,2402,毅嘉,,,A,64.1,32.7,87,99,1.15
2026-06-26,6788,華景電,,,A,422.0,22.82,88,97,1.09
2026-06-26,2880,華南金,,,金融🏦,36.9,19.42,90,99,
2026-06-26,3363,上詮,,,D,902.0,5637.5,90,88,0.97
2026-06-26,4904,遠傳,,,B,107.0,27.09,93,90,2.4
2026-06-26,6612,奈米醫材,⚠️便宜陷阱,,D,70.8,83.29,93,4,-1.67
2026-06-26,8016,矽創,,,D,311.0,19.68,93,68,1.55
2026-06-26,5274,信驊,,,A,15615.0,132.48,94,100,1.07
2026-06-26,2308,台達電,,,A,1810.0,66.77,94,98,1.28
2026-06-26,2330,台積電,,,A,2340.0,31.46,94,100,1.22
2026-06-26,5493,三聯,,,D,91.1,22.11,94,91,1.03
2026-06-26,2368,金像電,,,A,1190.0,52.42,95,99,0.62
2026-06-26,3653,健策,,,A,3405.0,92.78,95,99,0.92
2026-06-26,2891,中信金,,,金融🏦,70.3,17.23,95,100,
2026-06-26,3587,閎康,,,D,277.5,36.66,95,81,3.9
2026-06-26,2455,全新,,,D,348.0,109.78,95,99,1.29
2026-06-26,7556,意德士,,,B,272.0,35.42,95,96,0.63
2026-06-26,5278,尚凡*,⚠️便宜陷阱(動態惡化),,D,24.7,25.46,96,3,1.01
2026-06-26,2345,智邦,,,A,2380.0,45.01,97,99,0.92
2026-06-26,3583,辛耘,,,A,812.0,55.01,97,53,1.83
2026-06-26,6683,雍智科技,,,D,1700.0,95.03,97,97,1.45
2026-06-26,3715,定穎投控,,,D,168.5,168.5,97,97,-1.6
2026-06-26,3265,台星科,,,C,176.0,30.88,97,100,1.67
2026-06-26,6274,台燿,,,B,1580.0,112.38,98,100,-0.38
2026-06-26,6449,鈺邦,,,A,340.0,42.77,98,72,1.24
2026-06-26,2850,新產,,,金融🏦,140.0,11.4,98,99,0.64
2026-06-26,3044,健鼎,,,A,508.0,24.68,98,100,1.13
2026-06-26,2059,川湖,,,A,6990.0,61.61,99,100,1.1
2026-06-26,2383,台光電,,,A,5255.0,112.89,99,4,0.76
2026-06-26,6257,矽格,,,B,224.0,33.53,99,100,1.81
2026-06-26,6223,旺矽,,,A,6500.0,169.54,100,100,0.63
2026-06-26,2890,永豐金,,,金融🏦,39.1,19.87,100,100,
2026-06-26,6525,捷敏-KY,,,B,146.0,24.05,100,100,1.71
2026-06-29,6741,91APP*-KY,⚠️便宜陷阱,🔵未來低位,B,60.6,13.74,0,3,0.96
2026-06-29,6690,安碁資訊,✅B級買點,🔵未來低位,B,160.5,15.11,0,15,4.03
2026-06-29,9917,中保科,✅B級買點,🔵未來低位,B,106.0,15.63,0,13,1.3
2026-06-29,2752,豆府,✅B級買點,🔵未來低位,B,177.0,11.58,1,19,1.83
2026-06-29,6803,崑鼎,⚠️便宜陷阱,🔵未來低位,D,288.5,15.63,3,67,-0.87
2026-06-29,2912,統一超,⚠️便宜陷阱(動態惡化),🔵未來低位,C,224.0,20.44,3,1,2.85
2026-06-29,8462,柏文,⚠️便宜陷阱(動態惡化),,C,142.0,15.17,3,1,3.22
2026-06-29,8341,日友,⚠️便宜陷阱(動態惡化),,C,75.5,16.06,3,10,1.95
2026-06-29,1268,漢來美食,⭐A級買點,🔵未來低位,A,168.5,14.53,4,26,2.54
2026-06-29,6469,大樹,🔄循環買點(PBR),,C,75.5,19.31,6,14,2.05
2026-06-29,5203,訊連,⚠️便宜陷阱,,D,68.8,18.7,7,4,-2.09
2026-06-29,2884,玉山金,🏦金融(看PBR/殖利率),,金融🏦,34.5,16.27,8,88,
2026-06-29,3130,一零四,⚠️便宜陷阱,🔵未來低位,C,221.0,14.66,9,18,1.55
2026-06-29,9911,櫻花,⚠️便宜陷阱,🔵未來低位,B,83.6,13.08,10,2,0.94
2026-06-29,3687,歐買尬,⚠️便宜陷阱,,C,74.1,16.73,10,8,0.53
2026-06-29,1736,喬山,⭐A級買點,🔵未來低位,A,129.5,15.72,10,0,1.09
2026-06-29,3013,晟銘電,,,C,104.5,22.92,11,71,0.68
2026-06-29,5269,祥碩,⚠️便宜陷阱,🔵未來低位,C,1475.0,18.17,11,8,0.9
2026-06-29,6279,胡連,⚠️便宜陷阱,🔵未來低位,D,116.5,12.38,16,7,0.87
2026-06-29,8926,台汽電,,🔵未來低位,B,76.9,18.85,22,100,1.15
2026-06-29,4129,聯合,,🔵未來低位,A,91.2,19.16,22,59,2.1
2026-06-29,2753,八方雲集,,🔵未來低位,A,189.0,14.02,23,62,1.93
2026-06-29,5607,遠雄港,,,C,50.5,15.59,23,52,1.91
2026-06-29,6752,叡揚,,🔵未來低位,C,98.1,12.94,26,42,-0.08
2026-06-29,6505,台塑化,🔄循環買點(PBR),,C,55.3,19.82,30,15,1.85
2026-06-29,6721,信實,,,A,55.0,11.55,32,6,0.87
2026-06-29,3019,亞光,,,C,138.0,20.12,32,93,0.97
2026-06-29,4953,緯軟,,,D,125.0,13.5,37,27,0.53
2026-06-29,6712,長聖,🔄循環買點(PBR),,C,158.0,29.98,37,2,1.16
2026-06-29,4772,台特化,,🔵未來低位,C,267.0,55.17,38,51,1.36
2026-06-29,5904,寶雅,,,A,638.0,20.29,41,68,1.91
2026-06-29,4114,健喬,,,C,31.1,19.35,42,39,0.76
2026-06-29,6791,虎門科技,,,D,102.5,21.0,42,59,0.21
2026-06-29,2851,中再保,,,金融🏦,34.6,9.47,43,99,2.22
2026-06-29,3029,零壹,,,A,97.4,14.34,47,74,1.31
2026-06-29,6005,群益證,,,金融🏦,37.5,10.49,47,100,-1.41
2026-06-29,2453,凌群,,,B,55.0,17.52,48,1,0.9
2026-06-29,2889,國票金,,,金融🏦,14.8,23.49,49,56,
2026-06-29,2376,技嘉,⚠️便宜陷阱,,D,325.0,15.19,49,6,-1.14
2026-06-29,2363,矽統,,,C,68.7,40.41,49,77,0.6
2026-06-29,2727,王品,,,B,249.0,14.96,52,87,2.56
2026-06-29,3162,精確,,,B,77.5,63.52,52,75,5.72
2026-06-29,2357,華碩,,,D,703.0,12.56,53,97,-0.64
2026-06-29,3702,大聯大,,,D,104.5,13.16,54,98,-0.89
2026-06-29,2640,大車隊,,,A,151.5,16.43,56,96,1.34
2026-06-29,3036,文曄,,,C,209.0,14.41,59,94,-0.2
2026-06-29,5903,全家,⚠️便宜陷阱(動態惡化),,D,188.5,27.08,59,18,6.49
2026-06-29,6446,藥華藥,,,B,1270.0,78.11,59,73,1.0
2026-06-29,1513,中興電,,,A,175.5,21.32,60,80,2.74
2026-06-29,3324,雙鴻,,,A,995.0,28.31,61,80,-0.08
2026-06-29,9942,茂順,,,B,117.5,14.31,63,27,1.47
2026-06-29,6776,展碁國際,,,D,53.7,12.4,63,50,-2.58
2026-06-29,2947,振宇五金,,,D,78.5,26.43,63,23,4.84
2026-06-29,2755,揚秦,,,A,141.0,20.14,63,73,1.52
2026-06-29,3293,鈊象,,,B,769.0,19.05,63,90,1.08
2026-06-29,4116,明基醫,,,C,37.6,24.61,65,40,2.0
2026-06-29,2812,台中銀,,,金融🏦,19.9,13.04,68,79,
2026-06-29,6442,光聖,,,A,1600.0,59.17,70,95,1.02
2026-06-29,5312,寶島科,,,C,87.8,14.91,71,42,2.38
2026-06-29,4977,眾達-KY,,,D,167.0,36.23,73,94,-0.65
2026-06-29,6739,竹陞科技,,,B,996.0,51.9,73,91,1.15
2026-06-29,2480,敦陽科,,,B,150.0,17.88,76,92,1.33
2026-06-29,8284,三竹,,,D,66.0,14.44,76,28,0.75
2026-06-29,6112,邁達特,,,D,43.3,25.62,76,63,-3.06
2026-06-29,2353,宏碁,,,D,32.2,24.39,76,58,-2.99
2026-06-29,2882,國泰金,,,金融🏦,101.5,14.38,78,100,
2026-06-29,3081,聯亞,,,B,2035.0,266.36,79,98,1.13
2026-06-29,3004,豐達科,,,D,126.5,21.89,79,39,0.04
2026-06-29,2645,長榮航太,,,B,172.0,26.26,79,96,1.37
2026-06-29,2855,統一證,,,金融🏦,50.3,16.77,80,100,-1.14
2026-06-29,3450,聯鈞,,,C,505.0,150.3,80,100,1.73
2026-06-29,1519,華城,,,A,783.0,53.81,80,91,1.12
2026-06-29,3017,奇鋐,,,A,2300.0,37.67,80,2,1.81
2026-06-29,2881,富邦金,,,金融🏦,128.5,15.35,81,100,
2026-06-29,8210,勤誠,,,A,1215.0,35.51,82,98,0.84
2026-06-29,3406,玉晶光,,,B,657.0,19.91,84,70,2.02
2026-06-29,2887,台新新光金,,,金融🏦,33.0,17.28,85,100,
2026-06-29,3189,景碩,,,C,810.0,199.02,85,100,2.56
2026-06-29,3551,世禾,,,D,194.5,22.38,86,93,-0.79
2026-06-29,2937,集雅社,,,D,48.9,12.83,86,98,0.11
2026-06-29,2402,毅嘉,,,A,64.3,32.81,87,99,1.15
2026-06-29,6788,華景電,,,A,422.5,22.85,88,97,1.09
2026-06-29,1504,東元,,,D,69.0,28.87,89,91,0.7
2026-06-29,2379,瑞昱,,,C,783.0,28.03,89,100,1.5
2026-06-29,3363,上詮,,,D,902.0,5637.5,90,88,0.97
2026-06-29,6138,茂達,,,A,365.5,25.89,90,100,1.21
2026-06-29,3163,波若威,,,C,720.0,83.33,90,96,0.01
2026-06-29,4979,華星光,,,B,456.5,82.55,90,98,1.07
2026-06-29,4904,遠傳,,,B,106.0,26.84,91,90,2.4
2026-06-29,2880,華南金,,,金融🏦,37.3,19.63,91,99,
2026-06-29,5274,信驊,,,A,15210.0,129.04,93,100,1.07
2026-06-29,2455,全新,,,D,336.0,105.99,93,99,1.29
2026-06-29,2049,上銀,,,D,318.5,69.54,93,68,3.06
2026-06-29,6612,奈米醫材,⚠️便宜陷阱,,D,71.6,84.24,94,4,-1.67
2026-06-29,3653,健策,,,A,3320.0,90.46,94,99,0.92
2026-06-29,5278,尚凡*,⚠️便宜陷阱(動態惡化),,D,24.4,25.1,94,3,1.01
2026-06-29,2313,華通,,,A,221.0,38.98,94,99,1.62
2026-06-29,2368,金像電,,,A,1155.0,50.88,94,99,0.62
2026-06-29,2883,凱基金,,,金融🏦,29.6,17.04,94,100,
2026-06-29,8996,高力,,,A,1475.0,104.17,94,100,1.08
2026-06-29,5493,三聯,,,D,90.8,22.04,94,91,1.03
2026-06-29,2891,中信金,,,金融🏦,70.3,17.23,95,100,
2026-06-29,8016,矽創,,,D,317.0,20.06,95,68,1.55
2026-06-29,6515,穎崴,,,A,8015.0,162.71,95,98,0.63
2026-06-29,2330,台積電,,,A,2370.0,31.86,95,100,1.22
2026-06-29,2308,台達電,,,A,1905.0,70.27,95,98,1.28
2026-06-29,3481,群創,,,D,67.0,609.09,95,100,21.3
2026-06-29,7556,意德士,,,B,273.0,35.55,95,96,0.63
2026-06-29,2360,致茂,,,A,2080.0,65.47,96,99,0.31
2026-06-29,6683,雍智科技,,,D,1670.0,93.35,96,97,1.45
2026-06-29,3587,閎康,,,D,284.0,37.52,96,81,3.9
2026-06-29,2345,智邦,,,A,2340.0,44.25,96,99,0.92
2026-06-29,3265,台星科,,,C,174.5,30.61,97,100,1.67
2026-06-29,3715,定穎投控,,,D,166.0,166.0,97,97,-1.6
2026-06-29,3044,健鼎,,,A,499.5,24.27,98,100,1.13
2026-06-29,6274,台燿,,,B,1555.0,110.6,98,100,-0.38
2026-06-29,3583,辛耘,,,A,861.0,58.33,98,53,1.83
2026-06-29,6449,鈺邦,,,A,338.0,42.52,98,72,1.24
2026-06-29,2850,新產,,,金融🏦,140.0,11.4,98,99,0.64
2026-06-29,6223,旺矽,,,A,6060.0,158.06,99,100,0.63
2026-06-29,2885,元大金,,,金融🏦,65.7,23.98,99,100,
2026-06-29,3008,大立光,,,C,4380.0,27.76,99,89,1.21
2026-06-29,3711,日月光投控,,,B,627.0,57.73,99,100,3.26
2026-06-29,6257,矽格,,,B,224.5,33.61,99,100,1.81
2026-06-29,2383,台光電,,,A,5450.0,117.08,99,4,0.76
2026-06-29,6525,捷敏-KY,,,B,143.0,23.56,100,100,1.71
2026-06-29,2059,川湖,,,A,7110.0,62.67,100,100,1.1
2026-06-29,2890,永豐金,,,金融🏦,39.5,20.05,100,100,
2026-06-29,6451,訊芯-KY,,,D,525.0,2019.23,100,100,7.24
2026-06-29,1560,中砂,,,A,738.0,71.93,100,99,1.27
2026-06-30,6741,91APP*-KY,⚠️便宜陷阱,🔵未來低位,B,60.7,13.76,0,3,0.96
2026-06-30,9917,中保科,✅B級買點,🔵未來低位,B,105.5,15.56,0,13,1.3
2026-06-30,2752,豆府,✅B級買點,🔵未來低位,B,176.5,11.55,1,19,1.83
2026-06-30,6690,安碁資訊,✅B級買點,🔵未來低位,B,162.0,15.25,1,15,4.03
2026-06-30,2912,統一超,⚠️便宜陷阱(動態惡化),🔵未來低位,C,223.0,20.35,2,1,2.85
2026-06-30,6803,崑鼎,⚠️便宜陷阱,🔵未來低位,D,289.0,15.66,3,67,-0.87
2026-06-30,8462,柏文,⚠️便宜陷阱(動態惡化),,C,143.0,15.28,3,1,3.22
2026-06-30,8341,日友,⚠️便宜陷阱(動態惡化),,C,75.9,16.15,4,10,1.95
2026-06-30,1268,漢來美食,⭐A級買點,🔵未來低位,A,169.0,14.57,4,26,2.54
2026-06-30,6469,大樹,🔄循環買點(PBR),,C,74.9,19.16,6,14,2.05
2026-06-30,5203,訊連,⚠️便宜陷阱,,D,67.3,18.29,6,4,-2.09
2026-06-30,9911,櫻花,⚠️便宜陷阱,🔵未來低位,B,82.8,12.96,7,2,0.94
2026-06-30,1736,喬山,⭐A級買點,🔵未來低位,A,125.5,15.23,8,0,1.09
2026-06-30,2884,玉山金,🏦金融(看PBR/殖利率),,金融🏦,34.5,16.25,8,88,
2026-06-30,3687,歐買尬,⚠️便宜陷阱,,C,74.8,16.88,10,8,0.53
2026-06-30,3130,一零四,⚠️便宜陷阱,🔵未來低位,C,222.5,14.75,11,18,1.55
2026-06-30,5269,祥碩,⚠️便宜陷阱,🔵未來低位,C,1470.0,18.11,11,8,0.9
2026-06-30,3013,晟銘電,,,C,108.0,23.68,13,71,0.68
2026-06-30,6279,胡連,⚠️便宜陷阱,🔵未來低位,D,117.5,12.49,18,7,0.87
2026-06-30,2753,八方雲集,,🔵未來低位,A,187.5,13.91,21,62,1.93
2026-06-30,8926,台汽電,,🔵未來低位,B,76.3,18.7,22,100,1.15
2026-06-30,4129,聯合,,🔵未來低位,A,91.7,19.26,23,59,2.1
2026-06-30,5607,遠雄港,,,C,51.0,15.74,26,52,1.91
2026-06-30,6752,叡揚,,🔵未來低位,C,99.0,13.06,27,42,-0.08
2026-06-30,6505,台塑化,🔄循環買點(PBR),,C,55.1,19.75,29,15,1.85
2026-06-30,6721,信實,,,A,55.5,11.66,32,6,0.87
2026-06-30,4953,緯軟,,,D,123.0,13.28,34,27,0.53
2026-06-30,6712,長聖,🔄循環買點(PBR),,C,158.5,30.08,38,2,1.16
2026-06-30,4772,台特化,,🔵未來低位,C,271.5,56.1,39,51,1.36
2026-06-30,3019,亞光,,,C,142.5,20.77,40,93,0.97
2026-06-30,4114,健喬,,,C,31.4,19.47,44,39,0.76
2026-06-30,2727,王品,,,B,247.0,14.84,49,87,2.56
2026-06-30,2889,國票金,,,金融🏦,14.8,23.57,49,56,
2026-06-30,2363,矽統,,,C,69.0,40.59,50,77,0.6
2026-06-30,2453,凌群,,,B,55.9,17.8,50,1,0.9
2026-06-30,3029,零壹,,,A,100.0,14.73,50,74,1.31
2026-06-30,6791,虎門科技,,,D,105.0,21.52,51,59,0.21
2026-06-30,2357,華碩,,,D,700.0,12.51,52,97,-0.64
2026-06-30,2851,中再保,,,金融🏦,36.1,9.88,52,99,2.22
2026-06-30,2376,技嘉,⚠️便宜陷阱,,D,344.0,16.07,53,6,-1.14
2026-06-30,5904,寶雅,,,A,667.0,21.21,54,68,1.91
2026-06-30,6005,群益證,,,金融🏦,38.2,10.68,55,100,-1.41
2026-06-30,3702,大聯大,,,D,107.0,13.48,57,98,-0.89
2026-06-30,3162,精確,,,B,80.5,65.98,57,75,5.72
2026-06-30,5903,全家,⚠️便宜陷阱(動態惡化),,D,188.0,27.01,58,18,6.49
2026-06-30,6446,藥華藥,,,B,1340.0,82.41,59,73,1.0
2026-06-30,1513,中興電,,,A,177.0,21.51,61,80,2.74
2026-06-30,3036,文曄,,,C,214.0,14.76,62,94,-0.2
2026-06-30,2755,揚秦,,,A,140.0,20.0,63,73,1.52
2026-06-30,9942,茂順,,,B,117.5,14.31,63,27,1.47
2026-06-30,3324,雙鴻,,,A,1010.0,28.73,63,80,-0.08
2026-06-30,6776,展碁國際,,,D,53.9,12.45,65,50,-2.58
2026-06-30,3293,鈊象,,,B,789.0,19.54,67,90,1.08
2026-06-30,2947,振宇五金,,,D,79.4,26.73,67,23,4.84
2026-06-30,4116,明基醫,,,C,38.5,25.16,69,40,2.0
2026-06-30,2812,台中銀,,,金融🏦,20.1,13.1,70,79,
2026-06-30,6442,光聖,,,A,1640.0,60.65,71,95,1.02
2026-06-30,5312,寶島科,,,C,88.1,14.96,72,42,2.38
2026-06-30,4977,眾達-KY,,,D,169.5,36.77,73,94,-0.65
2026-06-30,2640,大車隊,,,A,159.5,17.3,74,96,1.34
2026-06-30,2882,國泰金,,,金融🏦,98.3,13.92,75,100,
2026-06-30,6739,竹陞科技,,,B,1040.0,54.19,75,91,1.15
2026-06-30,8284,三竹,,,D,65.7,14.38,76,28,0.75
2026-06-30,6112,邁達特,,,D,45.0,26.63,77,63,-3.06
2026-06-30,2353,宏碁,,,D,33.1,25.08,77,58,-2.99
2026-06-30,3081,聯亞,,,B,2020.0,264.4,79,98,1.13
2026-06-30,1519,華城,,,A,776.0,53.33,79,91,1.12
2026-06-30,2855,統一證,,,金融🏦,50.0,16.67,80,100,-1.14
2026-06-30,2480,敦陽科,,,B,156.0,18.59,81,92,1.33
2026-06-30,2881,富邦金,,,金融🏦,129.5,15.47,81,100,
2026-06-30,3450,聯鈞,,,C,532.0,158.33,82,100,1.73
2026-06-30,3406,玉晶光,,,B,659.0,19.97,84,70,2.02
2026-06-30,3004,豐達科,,,D,134.0,23.18,84,39,0.04
2026-06-30,2887,台新新光金,,,金融🏦,33.2,17.41,85,100,
2026-06-30,2645,長榮航太,,,B,185.5,28.32,86,96,1.37
2026-06-30,2937,集雅社,,,D,0.0,12.83,86,98,0.11
2026-06-30,3017,奇鋐,,,A,2525.0,41.35,86,2,1.81
2026-06-30,8210,勤誠,,,A,1285.0,37.55,86,98,0.84
2026-06-30,3189,景碩,,,C,891.0,218.92,86,100,2.56
2026-06-30,2402,毅嘉,,,A,64.8,33.06,87,99,1.15
2026-06-30,4904,遠傳,,,B,105.0,26.58,87,90,2.4
2026-06-30,6788,華景電,,,A,430.5,23.28,89,97,1.09
2026-06-30,1504,東元,,,D,70.1,29.33,89,91,0.7
2026-06-30,2379,瑞昱,,,C,806.0,28.86,90,100,1.5
2026-06-30,6138,茂達,,,A,368.0,26.06,90,100,1.21
2026-06-30,3363,上詮,,,D,902.0,5637.5,90,88,0.97
2026-06-30,3163,波若威,,,C,792.0,91.67,92,96,0.01
2026-06-30,3551,世禾,,,D,204.0,23.48,92,93,-0.79
2026-06-30,2049,上銀,,,D,325.0,70.96,93,68,3.06
2026-06-30,4979,華星光,,,B,474.0,85.71,93,98,1.07
2026-06-30,2883,凱基金,,,金融🏦,28.7,16.49,93,100,
2026-06-30,2880,華南金,,,金融🏦,38.0,20.0,93,99,
2026-06-30,2313,華通,,,A,232.5,41.01,94,99,1.62
2026-06-30,5493,三聯,,,D,91.0,22.09,94,91,1.03
2026-06-30,6612,奈米醫材,⚠️便宜陷阱,,D,72.4,85.18,95,4,-1.67
2026-06-30,2308,台達電,,,A,1950.0,71.93,95,98,1.28
2026-06-30,8996,高力,,,A,1550.0,109.46,95,100,1.08
2026-06-30,2455,全新,,,D,347.0,109.46,95,99,1.29
2026-06-30,6515,穎崴,,,A,8085.0,164.13,95,98,0.63
2026-06-30,2891,中信金,,,金融🏦,71.0,17.4,95,100,
2026-06-30,3653,健策,,,A,3430.0,93.46,95,99,0.92
2026-06-30,2368,金像電,,,A,1200.0,52.86,95,99,0.62
2026-06-30,3481,群創,,,D,68.7,624.55,95,100,21.3
2026-06-30,5274,信驊,,,A,16495.0,139.94,95,100,1.07
2026-06-30,5278,尚凡*,⚠️便宜陷阱(動態惡化),,D,24.8,25.57,96,3,1.01
2026-06-30,7556,意德士,,,B,280.0,36.46,96,96,0.63
2026-06-30,3587,閎康,,,D,292.0,38.57,96,81,3.9
2026-06-30,2360,致茂,,,A,2160.0,67.99,96,99,0.31
2026-06-30,8016,矽創,,,D,332.0,21.01,96,68,1.55
2026-06-30,2330,台積電,,,A,2410.0,32.4,97,100,1.22
2026-06-30,6683,雍智科技,,,D,1725.0,96.42,97,97,1.45
2026-06-30,6449,鈺邦,,,A,345.0,43.4,98,72,1.24
2026-06-30,2345,智邦,,,A,2495.0,47.18,98,99,0.92
2026-06-30,3265,台星科,,,C,179.5,31.49,98,100,1.67
2026-06-30,2885,元大金,,,金融🏦,65.7,23.98,99,100,
2026-06-30,6274,台燿,,,B,1680.0,119.49,99,100,-0.38
2026-06-30,3583,辛耘,,,A,904.0,49.08,99,53,1.83
2026-06-30,6223,旺矽,,,A,6090.0,158.84,99,100,0.63
2026-06-30,3044,健鼎,,,A,518.0,25.17,99,100,1.13
2026-06-30,2383,台光電,,,A,5390.0,115.79,99,4,0.76
2026-06-30,3008,大立光,,,C,4290.0,27.19,99,89,1.21
2026-06-30,3715,定穎投控,,,D,176.0,176.0,99,97,-1.6
2026-06-30,2850,新產,,,金融🏦,142.5,11.6,99,99,0.64
2026-06-30,6257,矽格,,,B,237.0,35.48,100,100,1.81
2026-06-30,6525,捷敏-KY,,,B,151.0,24.88,100,100,1.71
2026-06-30,1560,中砂,,,A,762.0,74.27,100,99,1.27
2026-06-30,2890,永豐金,,,金融🏦,39.9,20.25,100,100,
2026-06-30,2059,川湖,,,A,7360.0,64.87,100,100,1.1
2026-06-30,6451,訊芯-KY,,,D,525.0,2019.23,100,100,7.24
2026-06-30,3711,日月光投控,,,B,680.0,62.62,100,100,3.26
2026-07-01,6741,91APP*-KY,⚠️便宜陷阱,🔵未來低位,B,60.5,13.72,0,3,0.96
2026-07-01,9917,中保科,✅B級買點,🔵未來低位,B,105.0,15.49,0,13,1.3
2026-07-01,2752,豆府,✅B級買點,🔵未來低位,B,177.0,11.58,1,19,1.83
2026-07-01,6690,安碁資訊,✅B級買點,🔵未來低位,B,161.0,15.16,1,15,4.03
2026-07-01,6803,崑鼎,⚠️便宜陷阱,🔵未來低位,D,288.0,15.6,2,67,-0.87
2026-07-01,2912,統一超,⚠️便宜陷阱(動態惡化),🔵未來低位,C,223.5,20.39,3,1,2.85
2026-07-01,8462,柏文,⚠️便宜陷阱(動態惡化),,C,143.0,15.28,3,1,3.22
2026-07-01,2884,玉山金,🏦金融(看PBR/殖利率),,金融🏦,32.9,15.52,3,88,
2026-07-01,1268,漢來美食,⭐A級買點,🔵未來低位,A,168.0,14.48,3,26,2.54
2026-07-01,8341,日友,⚠️便宜陷阱(動態惡化),,C,75.8,16.13,4,10,1.95
2026-07-01,6469,大樹,🔄循環買點(PBR),,C,75.8,19.39,6,14,2.05
2026-07-01,5203,訊連,⚠️便宜陷阱,,D,68.2,18.53,7,4,-2.09
2026-07-01,9911,櫻花,⚠️便宜陷阱,🔵未來低位,B,83.5,13.07,10,2,0.94
2026-07-01,3130,一零四,⚠️便宜陷阱,🔵未來低位,C,222.5,14.75,11,18,1.55
2026-07-01,5269,祥碩,⚠️便宜陷阱,🔵未來低位,C,1470.0,18.11,11,8,0.9
2026-07-01,3687,歐買尬,⚠️便宜陷阱,,C,78.3,17.67,11,8,0.53
2026-07-01,1736,喬山,⭐A級買點,🔵未來低位,A,132.0,16.02,12,0,1.09
2026-07-01,3013,晟銘電,,,C,107.0,23.46,13,71,0.68
2026-07-01,6279,胡連,⚠️便宜陷阱,🔵未來低位,D,116.5,12.38,16,7,0.87
2026-07-01,8926,台汽電,✅B級買點,🔵未來低位,B,74.3,18.21,19,100,1.15
2026-07-01,5607,遠雄港,,,C,50.2,15.49,22,52,1.91
2026-07-01,2753,八方雲集,,🔵未來低位,A,188.5,13.98,22,62,1.93
2026-07-01,4129,聯合,,🔵未來低位,A,92.9,19.52,25,59,2.1
2026-07-01,6505,台塑化,🔄循環買點(PBR),,C,53.6,19.21,28,15,1.85
2026-07-01,6752,叡揚,,,C,99.9,13.18,28,42,-0.08
2026-07-01,6721,信實,,,A,55.2,11.6,32,6,0.87
2026-07-01,4953,緯軟,,,D,122.5,13.23,33,27,0.53
2026-07-01,3019,亞光,,,C,140.0,20.41,36,93,0.97
2026-07-01,6712,長聖,🔄循環買點(PBR),,C,156.5,29.7,37,2,1.16
2026-07-01,4772,台特化,,🔵未來低位,C,275.5,56.92,41,51,1.36
2026-07-01,4114,健喬,,,C,31.4,19.47,44,39,0.76
2026-07-01,2357,華碩,,,D,657.0,11.74,46,97,-0.64
2026-07-01,6005,群益證,,,金融🏦,37.6,10.52,48,100,-1.41
2026-07-01,2889,國票金,,,金融🏦,14.8,23.57,49,56,
2026-07-01,6791,虎門科技,,,D,104.5,21.41,49,59,0.21
2026-07-01,3029,零壹,,,A,99.2,14.61,49,74,1.31
2026-07-01,2453,凌群,,,B,55.5,17.68,49,1,0.9
2026-07-01,2727,王品,,,B,247.5,14.87,50,87,2.56
2026-07-01,2851,中再保,,,金融🏦,36.0,9.84,51,99,2.22
2026-07-01,2376,技嘉,⚠️便宜陷阱,,D,337.5,15.77,52,6,-1.14
2026-07-01,2363,矽統,,,C,73.5,43.24,52,77,0.6
2026-07-01,3162,精確,,,B,80.4,65.9,57,75,5.72
2026-07-01,5904,寶雅,,,A,682.0,21.69,57,68,1.91
2026-07-01,2755,揚秦,,,A,137.5,19.64,58,73,1.52
2026-07-01,6446,藥華藥,,,B,1360.0,83.64,59,73,1.0
2026-07-01,5903,全家,⚠️便宜陷阱(動態惡化),,D,188.5,27.08,59,18,6.49
2026-07-01,4116,明基醫,,,C,37.0,24.18,61,40,2.0
2026-07-01,3036,文曄,,,C,211.0,14.55,61,94,-0.2
2026-07-01,1513,中興電,,,A,177.0,21.51,61,80,2.74
2026-07-01,3702,大聯大,,,D,110.0,13.85,62,98,-0.89
2026-07-01,6776,展碁國際,,,D,53.5,12.36,62,50,-2.58
2026-07-01,9942,茂順,,,B,117.5,14.31,63,27,1.47
2026-07-01,2947,振宇五金,,,D,78.5,26.43,63,23,4.84
2026-07-01,3324,雙鴻,,,A,1010.0,28.73,63,80,-0.08
2026-07-01,2640,大車隊,,,A,155.5,16.87,64,96,1.34
2026-07-01,2812,台中銀,,,金融🏦,19.9,13.01,66,79,
2026-07-01,6442,光聖,,,A,1575.0,58.25,68,95,1.02
2026-07-01,4977,眾達-KY,,,D,157.0,34.06,71,94,-0.65
2026-07-01,5312,寶島科,,,C,88.1,14.96,72,42,2.38
2026-07-01,3293,鈊象,,,B,819.0,20.29,73,90,1.08
2026-07-01,2882,國泰金,,,金融🏦,95.0,13.46,74,100,
2026-07-01,1519,華城,,,A,757.0,52.03,76,91,1.12
2026-07-01,2353,宏碁,,,D,32.1,24.32,76,58,-2.99
2026-07-01,6112,邁達特,,,D,43.8,25.89,76,63,-3.06
2026-07-01,8284,三竹,,,D,66.6,14.57,77,28,0.75
2026-07-01,6739,竹陞科技,,,B,1095.0,57.06,78,91,1.15
2026-07-01,4904,遠傳,,,B,103.5,26.2,79,90,2.4
2026-07-01,3081,聯亞,,,B,1980.0,259.16,79,98,1.13
2026-07-01,2855,統一證,,,金融🏦,50.3,16.77,80,100,-1.14
2026-07-01,2881,富邦金,,,金融🏦,122.5,14.64,80,100,
2026-07-01,2937,集雅社,,,D,48.0,12.61,80,98,0.11
2026-07-01,3450,聯鈞,,,C,512.0,152.38,80,100,1.73
2026-07-01,3406,玉晶光,,,B,641.0,19.42,81,70,2.02
2026-07-01,2480,敦陽科,,,B,156.0,18.59,81,92,1.33
2026-07-01,3004,豐達科,,,D,137.5,23.79,84,39,0.04
2026-07-01,2887,台新新光金,,,金融🏦,33.4,17.46,85,100,
2026-07-01,8210,勤誠,,,A,1295.0,37.84,86,98,0.84
2026-07-01,3189,景碩,,,C,888.0,218.18,86,100,2.56
2026-07-01,2402,毅嘉,,,A,67.1,34.23,88,99,1.15
2026-07-01,1504,東元,,,D,68.9,28.83,89,91,0.7
2026-07-01,3017,奇鋐,,,A,2620.0,42.91,89,2,1.81
2026-07-01,4979,華星光,,,B,450.5,81.46,89,98,1.07
2026-07-01,3551,世禾,,,D,201.0,23.13,90,93,-0.79
2026-07-01,3363,上詮,,,D,902.0,5637.5,90,88,0.97
2026-07-01,6788,華景電,,,A,443.5,23.99,90,97,1.09
2026-07-01,2880,華南金,,,金融🏦,36.7,19.32,90,99,
2026-07-01,3163,波若威,,,C,750.0,86.81,91,96,0.01
2026-07-01,2645,長榮航太,,,B,204.0,31.15,91,96,1.37
2026-07-01,6138,茂達,,,A,380.5,26.95,91,100,1.21
2026-07-01,2379,瑞昱,,,C,829.0,29.68,93,100,1.5
2026-07-01,6612,奈米醫材,⚠️便宜陷阱,,D,71.3,83.88,93,4,-1.67
2026-07-01,2883,凱基金,,,金融🏦,28.3,16.26,93,100,
2026-07-01,2313,華通,,,A,220.0,38.8,94,99,1.62
2026-07-01,5493,三聯,,,D,91.1,22.11,94,91,1.03
2026-07-01,5278,尚凡*,⚠️便宜陷阱(動態惡化),,D,24.6,25.41,95,3,1.01
2026-07-01,2308,台達電,,,A,1990.0,73.4,95,98,1.28
2026-07-01,8996,高力,,,A,1555.0,109.82,95,100,1.08
2026-07-01,3653,健策,,,A,3400.0,92.64,95,99,0.92
2026-07-01,2049,上銀,,,D,348.5,76.09,95,68,3.06
2026-07-01,2891,中信金,,,金融🏦,70.6,17.3,95,100,
2026-07-01,3481,群創,,,D,67.4,612.73,95,100,21.3
2026-07-01,2368,金像電,,,A,1220.0,53.74,95,99,0.62
2026-07-01,5274,信驊,,,A,17145.0,145.46,96,100,1.07
2026-07-01,3587,閎康,,,D,297.5,39.3,96,81,3.9
2026-07-01,8016,矽創,,,D,339.0,21.46,97,68,1.55
2026-07-01,7556,意德士,,,B,286.5,37.3,97,96,0.63
2026-07-01,2455,全新,,,D,358.5,113.09,97,99,1.29
2026-07-01,6515,穎崴,,,A,8890.0,180.47,97,98,0.63
2026-07-01,2360,致茂,,,A,2270.0,71.45,97,99,0.31
2026-07-01,3265,台星科,,,C,182.0,31.93,98,100,1.67
2026-07-01,3044,健鼎,,,A,506.0,24.59,98,100,1.13
2026-07-01,6449,鈺邦,,,A,349.0,43.9,98,72,1.24
2026-07-01,6683,雍智科技,,,D,1820.0,101.73,98,97,1.45
2026-07-01,3715,定穎投控,,,D,172.0,172.0,98,97,-1.6
2026-07-01,3583,辛耘,,,A,905.0,49.13,99,53,1.83
2026-07-01,6274,台燿,,,B,1690.0,120.2,99,100,-0.38
2026-07-01,2330,台積電,,,A,2505.0,33.67,99,100,1.22
2026-07-01,2345,智邦,,,A,2660.0,50.3,99,99,0.92
2026-07-01,2885,元大金,,,金融🏦,66.0,24.09,99,100,
2026-07-01,3008,大立光,,,C,4330.0,27.45,99,89,1.21
2026-07-01,2850,新產,,,金融🏦,142.0,11.56,99,99,0.64
2026-07-01,2383,台光電,,,A,5535.0,118.9,100,4,0.76
2026-07-01,6257,矽格,,,B,245.0,36.68,100,100,1.81
2026-07-01,6223,旺矽,,,A,6695.0,174.62,100,100,0.63
2026-07-01,6525,捷敏-KY,,,B,151.5,24.96,100,100,1.71
2026-07-01,1560,中砂,,,A,763.0,74.37,100,99,1.27
2026-07-01,2059,川湖,,,A,7655.0,67.47,100,100,1.1
2026-07-01,2890,永豐金,,,金融🏦,40.0,20.3,100,100,
2026-07-01,6451,訊芯-KY,,,D,525.0,2019.23,100,100,7.24
2026-07-01,3711,日月光投控,,,B,703.0,64.73,100,100,3.26
2026-07-02,9917,中保科,✅B級買點,🔵未來低位,B,105.0,15.49,0,13,1.3
2026-07-02,6741,91APP*-KY,⚠️便宜陷阱,🔵未來低位,B,60.9,13.81,1,3,0.96
2026-07-02,6690,安碁資訊,✅B級買點,🔵未來低位,B,164.0,15.44,1,15,4.03
2026-07-02,2752,豆府,✅B級買點,🔵未來低位,B,179.0,11.71,2,19,1.83
2026-07-02,8462,柏文,⚠️便宜陷阱(動態惡化),,C,144.5,15.44,3,1,3.22
2026-07-02,8341,日友,⚠️便宜陷阱(動態惡化),,C,75.6,16.09,3,10,1.95
2026-07-02,2884,玉山金,🏦金融(看PBR/殖利率),,金融🏦,33.7,15.9,5,88,
2026-07-02,6803,崑鼎,⚠️便宜陷阱,🔵未來低位,D,291.0,15.76,5,67,-0.87
2026-07-02,1268,漢來美食,⭐A級買點,🔵未來低位,A,169.5,14.61,5,26,2.54
2026-07-02,6469,大樹,🔄循環買點(PBR),,C,75.2,19.23,6,14,2.05
2026-07-02,2912,統一超,⚠️便宜陷阱(動態惡化),🔵未來低位,C,228.5,20.85,7,1,2.85
2026-07-02,5203,訊連,⚠️便宜陷阱,,D,69.5,18.89,7,4,-2.09
2026-07-02,1736,喬山,⭐A級買點,🔵未來低位,A,128.0,15.53,9,0,1.09
2026-07-02,3130,一零四,⚠️便宜陷阱,🔵未來低位,C,221.5,14.69,10,18,1.55
2026-07-02,3687,歐買尬,⚠️便宜陷阱,,C,77.3,17.45,11,8,0.53
2026-07-02,9911,櫻花,⚠️便宜陷阱,🔵未來低位,B,84.1,13.16,12,2,0.94
2026-07-02,5269,祥碩,⚠️便宜陷阱,🔵未來低位,C,1520.0,18.73,13,8,0.9
2026-07-02,3013,晟銘電,,,C,109.5,24.01,15,71,0.68
2026-07-02,8926,台汽電,✅B級買點,🔵未來低位,B,73.0,17.89,17,100,1.15
2026-07-02,6279,胡連,,🔵未來低位,D,119.0,12.65,21,7,0.87
2026-07-02,2753,八方雲集,,🔵未來低位,A,181.5,13.46,21,62,1.93
2026-07-02,5607,遠雄港,,,C,50.2,15.49,22,52,1.91
2026-07-02,4129,聯合,,🔵未來低位,A,95.0,19.96,29,59,2.1
2026-07-02,6752,叡揚,,,C,101.0,13.32,31,42,-0.08
2026-07-02,6721,信實,,,A,55.1,11.58,32,6,0.87
2026-07-02,6505,台塑化,🔄循環買點(PBR),,C,57.6,20.65,33,15,1.85
2026-07-02,6712,長聖,🔄循環買點(PBR),,C,153.5,29.13,35,2,1.16
2026-07-02,4953,緯軟,,,D,124.5,13.44,36,27,0.53
2026-07-02,4772,台特化,,🔵未來低位,C,276.0,57.02,41,51,1.36
2026-07-02,4114,健喬,,,C,31.1,19.35,42,39,0.76
2026-07-02,6005,群益證,,,金融🏦,37.4,10.43,45,100,-1.41
2026-07-02,2357,華碩,,,D,667.0,11.92,46,97,-0.64
2026-07-02,2889,國票金,,,金融🏦,14.8,23.49,49,56,
2026-07-02,2727,王品,,,B,248.5,14.93,52,87,2.56
2026-07-02,2363,矽統,,,C,71.1,41.82,52,77,0.6
2026-07-02,2376,技嘉,⚠️便宜陷阱,,D,338.5,15.82,52,6,-1.14
2026-07-02,2453,凌群,,,B,56.6,18.03,52,1,0.9
2026-07-02,3019,亞光,,,C,149.5,21.79,53,93,0.97
2026-07-02,3029,零壹,,,A,102.0,15.02,54,74,1.31
2026-07-02,6791,虎門科技,,,D,107.0,21.93,55,59,0.21
2026-07-02,2851,中再保,,,金融🏦,37.4,10.22,57,99,2.22
2026-07-02,2755,揚秦,,,A,138.0,19.71,59,73,1.52
2026-07-02,6446,藥華藥,,,B,1395.0,85.79,59,73,1.0
2026-07-02,5904,寶雅,,,A,699.0,22.23,60,68,1.91
2026-07-02,3702,大聯大,,,D,108.0,13.6,60,98,-0.89
2026-07-02,5903,全家,⚠️便宜陷阱(動態惡化),,D,189.5,27.23,61,18,6.49
2026-07-02,4116,明基醫,,,C,37.0,24.18,61,40,2.0
2026-07-02,1513,中興電,,,A,176.5,21.45,61,80,2.74
2026-07-02,3162,精確,,,B,84.8,69.51,62,75,5.72
2026-07-02,9942,茂順,,,B,117.5,14.31,63,27,1.47
2026-07-02,6776,展碁國際,,,D,53.8,12.42,64,50,-2.58
2026-07-02,3324,雙鴻,,,A,1040.0,29.59,64,80,-0.08
2026-07-02,3036,文曄,,,C,217.5,15.0,64,94,-0.2
2026-07-02,2947,振宇五金,,,D,79.0,26.6,65,23,4.84
2026-07-02,2640,大車隊,,,A,156.5,16.97,67,96,1.34
2026-07-02,3293,鈊象,,,B,800.0,19.82,69,90,1.08
2026-07-02,6442,光聖,,,A,1635.0,60.47,71,95,1.02
2026-07-02,2812,台中銀,,,金融🏦,20.1,13.17,71,79,
2026-07-02,4977,眾達-KY,,,D,160.5,34.82,72,94,-0.65
2026-07-02,5312,寶島科,,,C,88.6,15.04,73,42,2.38
2026-07-02,2882,國泰金,,,金融🏦,93.5,13.24,74,100,
2026-07-02,2353,宏碁,,,D,32.0,24.24,76,58,-2.99
2026-07-02,2937,集雅社,,,D,47.4,12.43,76,98,0.11
2026-07-02,8284,三竹,,,D,66.0,14.44,76,28,0.75
2026-07-02,6112,邁達特,,,D,44.8,26.48,77,63,-3.06
2026-07-02,4904,遠傳,,,B,103.0,26.08,77,90,2.4
2026-07-02,2881,富邦金,,,金融🏦,119.5,14.28,78,100,
2026-07-02,1519,華城,,,A,770.0,52.92,78,91,1.12
2026-07-02,3081,聯亞,,,B,1940.0,253.93,78,98,1.13
2026-07-02,3450,聯鈞,,,C,501.0,149.11,79,100,1.73
2026-07-02,2855,統一證,,,金融🏦,49.8,16.58,80,100,-1.14
2026-07-02,3406,玉晶光,,,B,644.0,19.52,82,70,2.02
2026-07-02,6739,竹陞科技,,,B,1200.0,62.53,83,91,1.15
2026-07-02,3004,豐達科,,,D,136.5,23.62,84,39,0.04
2026-07-02,2887,台新新光金,,,金融🏦,33.0,17.28,85,100,
2026-07-02,3189,景碩,,,C,830.0,203.93,85,100,2.56
2026-07-02,2480,敦陽科,,,B,161.0,19.19,86,92,1.33
2026-07-02,8210,勤誠,,,A,1310.0,38.28,87,98,0.84
2026-07-02,4979,華星光,,,B,445.0,80.47,88,98,1.07
2026-07-02,1504,東元,,,D,69.0,28.87,89,91,0.7
2026-07-02,2880,華南金,,,金融🏦,36.6,19.26,89,99,
2026-07-02,2402,毅嘉,,,A,68.0,34.69,89,99,1.15
2026-07-02,2645,長榮航太,,,B,197.0,30.08,89,96,1.37
2026-07-02,6788,華景電,,,A,440.0,23.8,90,97,1.09
2026-07-02,3551,世禾,,,D,202.0,23.25,90,93,-0.79
2026-07-02,3363,上詮,,,D,902.0,5637.5,90,88,0.97
2026-07-02,3017,奇鋐,,,A,2740.0,44.87,91,2,1.81
2026-07-02,2379,瑞昱,,,C,811.0,29.04,91,100,1.5
2026-07-02,3163,波若威,,,C,775.0,89.7,92,96,0.01
2026-07-02,2883,凱基金,,,金融🏦,27.9,16.03,93,100,
2026-07-02,6138,茂達,,,A,418.5,29.64,93,100,1.21
2026-07-02,8996,高力,,,A,1415.0,99.93,93,100,1.08
2026-07-02,2313,華通,,,A,228.5,40.3,94,99,1.62
2026-07-02,5493,三聯,,,D,93.0,22.57,94,91,1.03
2026-07-02,6612,奈米醫材,⚠️便宜陷阱,,D,71.6,84.24,94,4,-1.67
2026-07-02,2308,台達電,,,A,1970.0,72.67,95,98,1.28
2026-07-02,2049,上銀,,,D,352.0,76.86,95,68,3.06
2026-07-02,2455,全新,,,D,348.0,109.78,95,99,1.29
2026-07-02,3653,健策,,,A,3475.0,94.69,95,99,0.92
2026-07-02,2891,中信金,,,金融🏦,69.9,17.13,95,100,
2026-07-02,3481,群創,,,D,67.6,614.55,95,100,21.3
2026-07-02,2368,金像電,,,A,1235.0,54.41,95,99,0.62
2026-07-02,8016,矽創,,,D,327.5,20.73,96,68,1.55
2026-07-02,5278,尚凡*,⚠️便宜陷阱(動態惡化),,D,24.9,25.62,96,3,1.01
2026-07-02,5274,信驊,,,A,17750.0,150.59,97,100,1.07
2026-07-02,7556,意德士,,,B,288.0,37.5,97,96,0.63
2026-07-02,3587,閎康,,,D,308.0,40.69,97,81,3.9
2026-07-02,2360,致茂,,,A,2210.0,69.56,97,99,0.31
2026-07-02,6515,穎崴,,,A,9310.0,189.0,97,98,0.63
2026-07-02,2330,台積電,,,A,2465.0,33.14,98,100,1.22
2026-07-02,2850,新產,,,金融🏦,141.0,11.48,98,99,0.64
2026-07-02,6449,鈺邦,,,A,336.5,42.33,98,72,1.24
2026-07-02,3044,健鼎,,,A,506.0,24.59,98,100,1.13
2026-07-02,3715,定穎投控,,,D,175.5,175.5,98,97,-1.6
2026-07-02,6683,雍智科技,,,D,1775.0,99.22,98,97,1.45
2026-07-02,6274,台燿,,,B,1690.0,120.2,99,100,-0.38
2026-07-02,3583,辛耘,,,A,908.0,49.29,99,53,1.83
2026-07-02,2890,永豐金,,,金融🏦,39.5,20.05,99,100,
2026-07-02,2885,元大金,,,金融🏦,65.8,24.01,99,100,
2026-07-02,3008,大立光,,,C,4295.0,27.22,99,89,1.21
2026-07-02,2345,智邦,,,A,2750.0,52.0,99,99,0.92
2026-07-02,3265,台星科,,,C,188.5,33.07,99,100,1.67
2026-07-02,6257,矽格,,,B,251.0,37.57,100,100,1.81
2026-07-02,2383,台光電,,,A,5655.0,121.48,100,4,0.76
2026-07-02,6525,捷敏-KY,,,B,166.5,27.43,100,100,1.71
2026-07-02,1560,中砂,,,A,769.0,74.95,100,99,1.27
2026-07-02,2059,川湖,,,A,7880.0,69.45,100,100,1.1
2026-07-02,6223,旺矽,,,A,7255.0,189.23,100,100,0.63
2026-07-02,6451,訊芯-KY,,,D,525.0,2019.23,100,100,7.24
2026-07-02,3711,日月光投控,,,B,727.0,66.94,100,100,3.26
2026-07-03,6803,崑鼎,⚠️便宜陷阱,🔵未來低位,D,279.0,15.11,0,67,-0.87
2026-07-03,6741,91APP*-KY,⚠️便宜陷阱,🔵未來低位,B,61.0,13.83,1,3,0.96
2026-07-03,9917,中保科,✅B級買點,🔵未來低位,B,107.0,15.78,1,13,1.3
2026-07-03,2752,豆府,✅B級買點,🔵未來低位,B,178.5,11.68,2,19,1.83
2026-07-03,8462,柏文,⚠️便宜陷阱(動態惡化),,C,147.0,15.71,3,1,3.22
2026-07-03,6690,安碁資訊,✅B級買點,🔵未來低位,B,168.5,15.87,4,15,4.03
2026-07-03,2884,玉山金,🏦金融(看PBR/殖利率),,金融🏦,33.7,15.9,5,88,
2026-07-03,1268,漢來美食,⭐A級買點,🔵未來低位,A,170.5,14.7,6,26,2.54
2026-07-03,8341,日友,⚠️便宜陷阱(動態惡化),,C,77.1,16.4,6,10,1.95
2026-07-03,5203,訊連,⚠️便宜陷阱,,D,69.7,18.94,7,4,-2.09
2026-07-03,6469,大樹,🔄循環買點(PBR),,C,76.7,19.62,7,14,2.05
2026-07-03,2912,統一超,⚠️便宜陷阱(動態惡化),🔵未來低位,C,231.0,21.08,8,1,2.85
2026-07-03,3130,一零四,⚠️便宜陷阱,🔵未來低位,C,221.0,14.66,9,18,1.55
2026-07-03,3687,歐買尬,⚠️便宜陷阱,,C,77.6,17.52,11,8,0.53
2026-07-03,1736,喬山,⭐A級買點,🔵未來低位,A,131.5,15.96,12,0,1.09
2026-07-03,5269,祥碩,⚠️便宜陷阱,🔵未來低位,C,1530.0,18.85,14,8,0.9
2026-07-03,3013,晟銘電,,,C,111.5,24.45,16,71,0.68
2026-07-03,9911,櫻花,⚠️便宜陷阱,🔵未來低位,B,85.2,13.33,17,2,0.94
2026-07-03,8926,台汽電,✅B級買點,🔵未來低位,B,75.0,18.38,20,100,1.15
2026-07-03,2753,八方雲集,,🔵未來低位,A,182.5,13.54,21,62,1.93
2026-07-03,6279,胡連,,🔵未來低位,D,123.5,13.12,25,7,0.87
2026-07-03,4129,聯合,,🔵未來低位,A,94.4,19.83,28,59,2.1
2026-07-03,5607,遠雄港,,,C,52.1,16.08,32,52,1.91
2026-07-03,6721,信實,,,A,55.2,11.6,32,6,0.87
2026-07-03,6505,台塑化,🔄循環買點(PBR),,C,58.9,21.11,33,15,1.85
2026-07-03,6752,叡揚,,,C,103.5,13.65,35,42,-0.08
2026-07-03,6712,長聖,🔄循環買點(PBR),,C,159.5,30.27,38,2,1.16
2026-07-03,4772,台特化,,🔵未來低位,C,281.0,58.06,42,51,1.36
2026-07-03,2727,王品,,,B,245.0,14.72,45,87,2.56
2026-07-03,4953,緯軟,,,D,128.0,13.82,45,27,0.53
2026-07-03,4114,健喬,,,C,31.8,19.75,46,39,0.76
2026-07-03,2357,華碩,,,D,675.0,12.06,48,97,-0.64
2026-07-03,2363,矽統,,,C,70.6,41.53,51,77,0.6
2026-07-03,2376,技嘉,⚠️便宜陷阱,,D,338.5,15.82,52,6,-1.14
2026-07-03,3029,零壹,,,A,102.5,15.1,54,74,1.31
2026-07-03,6005,群益證,,,金融🏦,38.1,10.66,54,100,-1.41
2026-07-03,6791,虎門科技,,,D,107.5,22.03,55,59,0.21
2026-07-03,2453,凌群,,,B,57.4,18.28,55,1,0.9
2026-07-03,2889,國票金,,,金融🏦,15.0,23.81,55,56,
2026-07-03,3019,亞光,,,C,152.0,22.16,58,93,0.97
2026-07-03,6446,藥華藥,,,B,1395.0,85.79,59,73,1.0
2026-07-03,5903,全家,⚠️便宜陷阱(動態惡化),,D,188.5,27.08,59,18,6.49
2026-07-03,1513,中興電,,,A,176.5,21.45,61,80,2.74
2026-07-03,2755,揚秦,,,A,139.0,19.86,61,73,1.52
2026-07-03,3162,精確,,,B,85.1,69.75,62,75,5.72
2026-07-03,3702,大聯大,,,D,110.0,13.85,62,98,-0.89
2026-07-03,4116,明基醫,,,C,37.0,24.22,62,40,2.0
2026-07-03,3324,雙鴻,,,A,1020.0,29.02,64,80,-0.08
2026-07-03,5904,寶雅,,,A,721.0,22.93,65,68,1.91
2026-07-03,2851,中再保,,,金融🏦,38.5,10.51,65,99,2.22
2026-07-03,3036,文曄,,,C,221.5,15.28,67,94,-0.2
2026-07-03,2947,振宇五金,,,D,79.5,26.77,68,23,4.84
2026-07-03,9942,茂順,,,B,119.5,14.56,69,27,1.47
2026-07-03,6776,展碁國際,,,D,54.8,12.66,69,50,-2.58
2026-07-03,3293,鈊象,,,B,797.0,19.74,69,90,1.08
2026-07-03,6442,光聖,,,A,1640.0,60.65,71,95,1.02
2026-07-03,4977,眾達-KY,,,D,162.0,35.14,72,94,-0.65
2026-07-03,2812,台中銀,,,金融🏦,20.4,13.33,74,79,
2026-07-03,2882,國泰金,,,金融🏦,93.6,13.26,74,100,
2026-07-03,8284,三竹,,,D,65.9,14.42,76,28,0.75
2026-07-03,2937,集雅社,,,D,47.3,12.41,76,98,0.11
2026-07-03,5312,寶島科,,,C,89.6,15.21,76,42,2.38
2026-07-03,6112,邁達特,,,D,44.7,26.45,77,63,-3.06
2026-07-03,2353,宏碁,,,D,32.9,24.92,77,58,-2.99
2026-07-03,2640,大車隊,,,A,162.0,17.57,78,96,1.34
2026-07-03,1519,華城,,,A,773.0,53.13,78,91,1.12
2026-07-03,2881,富邦金,,,金融🏦,121.0,14.46,79,100,
2026-07-03,3081,聯亞,,,B,2100.0,274.87,81,98,1.13
2026-07-03,3450,聯鈞,,,C,530.0,157.74,81,100,1.73
2026-07-03,3406,玉晶光,,,B,636.0,19.27,81,70,2.02
2026-07-03,2855,統一證,,,金融🏦,51.9,17.3,83,100,-1.14
2026-07-03,2480,敦陽科,,,B,159.5,19.01,84,92,1.33
2026-07-03,3004,豐達科,,,D,150.0,25.95,85,39,0.04
2026-07-03,3189,景碩,,,C,833.0,204.67,85,100,2.56
2026-07-03,8210,勤誠,,,A,1305.0,38.14,86,98,0.84
2026-07-03,4904,遠傳,,,B,105.0,26.58,87,90,2.4
2026-07-03,2887,台新新光金,,,金融🏦,34.1,17.88,87,100,
2026-07-03,6739,竹陞科技,,,B,1300.0,67.74,87,91,1.15
2026-07-03,2379,瑞昱,,,C,783.0,28.03,88,100,1.5
2026-07-03,2402,毅嘉,,,A,67.5,34.44,88,99,1.15
2026-07-03,1504,東元,,,D,70.0,29.29,89,91,0.7
2026-07-03,6788,華景電,,,A,445.0,24.07,90,97,1.09
2026-07-03,3363,上詮,,,D,902.0,5637.5,90,88,0.97
2026-07-03,6138,茂達,,,A,400.0,28.33,92,100,1.21
2026-07-03,2880,華南金,,,金融🏦,37.6,19.82,92,99,
2026-07-03,4979,華星光,,,B,468.5,84.72,92,98,1.07
2026-07-03,3017,奇鋐,,,A,2760.0,45.2,92,2,1.81
2026-07-03,2645,長榮航太,,,B,216.5,33.05,93,96,1.37
2026-07-03,2883,凱基金,,,金融🏦,28.4,16.35,93,100,
2026-07-03,3163,波若威,,,C,818.0,94.68,93,96,0.01
2026-07-03,8996,高力,,,A,1380.0,97.46,93,100,1.08
2026-07-03,3551,世禾,,,D,206.0,23.71,93,93,-0.79
2026-07-03,2313,華通,,,A,229.5,40.48,94,99,1.62
2026-07-03,2049,上銀,,,D,350.0,76.42,94,68,3.06
2026-07-03,5493,三聯,,,D,93.0,22.57,94,91,1.03
2026-07-03,3653,健策,,,A,3420.0,93.19,95,99,0.92
2026-07-03,2891,中信金,,,金融🏦,70.6,17.3,95,100,
2026-07-03,3583,辛耘,,,A,851.0,46.2,95,53,1.83
2026-07-03,3481,群創,,,D,66.0,600.0,95,100,21.3
2026-07-03,8016,矽創,,,D,334.0,21.14,96,68,1.55
2026-07-03,5278,尚凡*,⚠️便宜陷阱(動態惡化),,D,24.7,25.46,96,3,1.01
2026-07-03,5274,信驊,,,A,17265.0,146.47,96,100,1.07
2026-07-03,3587,閎康,,,D,299.0,39.5,96,81,3.9
2026-07-03,2308,台達電,,,A,2075.0,76.54,96,98,1.28
2026-07-03,7556,意德士,,,B,291.5,37.96,97,96,0.63
2026-07-03,3715,定穎投控,,,D,172.0,172.0,97,97,-1.6
2026-07-03,2330,台積電,,,A,2445.0,32.87,97,100,1.22
2026-07-03,2368,金像電,,,A,1305.0,57.49,97,99,0.62
2026-07-03,2360,致茂,,,A,2265.0,71.29,97,99,0.31
2026-07-03,2455,全新,,,D,358.0,112.93,97,99,1.29
2026-07-03,6449,鈺邦,,,A,351.0,44.15,98,72,1.24
2026-07-03,6612,奈米醫材,⚠️便宜陷阱,,D,74.2,87.29,98,4,-1.67
2026-07-03,6683,雍智科技,,,D,1805.0,100.89,98,97,1.45
2026-07-03,3265,台星科,,,C,185.0,32.46,98,100,1.67
2026-07-03,6515,穎崴,,,A,9900.0,200.97,98,98,0.63
2026-07-03,3044,健鼎,,,A,520.0,25.27,99,100,1.13
2026-07-03,2345,智邦,,,A,2735.0,51.72,99,99,0.92
2026-07-03,3008,大立光,,,C,4230.0,26.81,99,89,1.21
2026-07-03,2850,新產,,,金融🏦,143.5,11.69,99,99,0.64
2026-07-03,2890,永豐金,,,金融🏦,39.7,20.15,100,100,
2026-07-03,6257,矽格,,,B,254.5,38.1,100,100,1.81
2026-07-03,2383,台光電,,,A,6080.0,130.61,100,4,0.76
2026-07-03,6274,台燿,,,B,1790.0,127.31,100,100,-0.38
2026-07-03,6525,捷敏-KY,,,B,183.0,30.15,100,100,1.71
2026-07-03,1560,中砂,,,A,756.0,73.68,100,99,1.27
2026-07-03,6451,訊芯-KY,,,D,525.0,2019.23,100,100,7.24
2026-07-03,2059,川湖,,,A,8000.0,70.51,100,100,1.1
2026-07-03,6223,旺矽,,,A,7380.0,192.49,100,100,0.63
2026-07-03,2885,元大金,,,金融🏦,67.2,24.53,100,100,
2026-07-03,3711,日月光投控,,,B,682.0,62.8,100,100,3.26
2026-07-06,6741,91APP*-KY,⚠️便宜陷阱,🔵未來低位,B,60.3,13.67,0,3,0.96
2026-07-06,6803,崑鼎,⚠️便宜陷阱,🔵未來低位,D,279.5,15.14,0,67,-0.87
2026-07-06,9917,中保科,✅B級買點,🔵未來低位,B,106.0,15.63,1,13,1.3
2026-07-06,6690,安碁資訊,✅B級買點,🔵未來低位,B,166.5,15.68,2,15,4.03
2026-07-06,2752,豆府,✅B級買點,🔵未來低位,B,178.0,11.65,2,19,1.83
2026-07-06,8462,柏文,⚠️便宜陷阱(動態惡化),,C,151.0,16.13,4,1,3.22
2026-07-06,8341,日友,⚠️便宜陷阱(動態惡化),,C,77.0,16.38,6,10,1.95
2026-07-06,6469,大樹,🔄循環買點(PBR),,C,77.1,19.72,7,14,2.05
2026-07-06,1268,漢來美食,⭐A級買點,🔵未來低位,A,171.5,14.78,7,26,2.54
2026-07-06,2884,玉山金,🏦金融(看PBR/殖利率),,金融🏦,34.5,16.25,8,88,
2026-07-06,5203,訊連,⚠️便宜陷阱,,D,70.7,19.21,8,4,-2.09
2026-07-06,3130,一零四,⚠️便宜陷阱,🔵未來低位,C,221.0,14.66,9,18,1.55
2026-07-06,3687,歐買尬,⚠️便宜陷阱,,C,76.7,17.31,10,8,0.53
2026-07-06,2912,統一超,⚠️便宜陷阱(動態惡化),🔵未來低位,C,240.0,21.9,10,1,2.85
2026-07-06,1736,喬山,⭐A級買點,🔵未來低位,A,131.5,15.96,12,0,1.09
2026-07-06,9911,櫻花,⚠️便宜陷阱,🔵未來低位,B,84.5,13.22,13,2,0.94
2026-07-06,5269,祥碩,⚠️便宜陷阱,🔵未來低位,C,1520.0,18.73,13,8,0.9
2026-07-06,3013,晟銘電,,,C,109.0,23.9,14,71,0.68
2026-07-06,2753,八方雲集,⭐A級買點,🔵未來低位,A,180.5,13.39,20,62,1.93
2026-07-06,6279,胡連,,🔵未來低位,D,123.5,13.12,25,7,0.87
2026-07-06,8926,台汽電,,🔵未來低位,B,81.0,19.85,28,100,1.15
2026-07-06,4129,聯合,,🔵未來低位,A,94.6,19.87,28,59,2.1
2026-07-06,5607,遠雄港,,,C,52.0,16.05,31,52,1.91
2026-07-06,6721,信實,,,A,55.1,11.58,32,6,0.87
2026-07-06,6505,台塑化,🔄循環買點(PBR),,C,59.5,21.33,33,15,1.85
2026-07-06,6752,叡揚,,,C,103.5,13.65,35,42,-0.08
2026-07-06,6712,長聖,🔄循環買點(PBR),,C,161.5,30.65,38,2,1.16
2026-07-06,4772,台特化,,🔵未來低位,C,283.0,58.47,42,51,1.36
2026-07-06,2727,王品,,,B,245.5,14.75,46,87,2.56
2026-07-06,4953,緯軟,,,D,129.5,13.98,49,27,0.53
2026-07-06,2357,華碩,,,D,680.0,12.15,49,97,-0.64
2026-07-06,2363,矽統,,,C,68.3,40.18,49,77,0.6
2026-07-06,4114,健喬,,,C,32.6,20.28,51,39,0.76
2026-07-06,2376,技嘉,⚠️便宜陷阱,,D,336.5,15.72,52,6,-1.14
2026-07-06,2453,凌群,,,B,57.5,18.31,56,1,0.9
2026-07-06,2947,振宇五金,,,D,74.0,24.92,56,23,4.84
2026-07-06,3019,亞光,,,C,151.5,22.08,57,93,0.97
2026-07-06,6005,群益證,,,金融🏦,38.5,10.74,57,100,-1.41
2026-07-06,3029,零壹,,,A,103.5,15.24,57,74,1.31
2026-07-06,5903,全家,⚠️便宜陷阱(動態惡化),,D,188.0,27.01,58,18,6.49
2026-07-06,6446,藥華藥,,,B,1445.0,88.87,59,73,1.0
2026-07-06,2889,國票金,,,金融🏦,15.2,24.13,60,56,
2026-07-06,3162,精確,,,B,84.3,69.1,61,75,5.72
2026-07-06,1513,中興電,,,A,178.5,21.69,62,80,2.74
2026-07-06,3702,大聯大,,,D,110.0,13.85,62,98,-0.89
2026-07-06,3324,雙鴻,,,A,1010.0,28.73,63,80,-0.08
2026-07-06,6791,虎門科技,,,D,118.0,24.18,63,59,0.21
2026-07-06,2755,揚秦,,,A,141.0,20.14,63,73,1.52
2026-07-06,3036,文曄,,,C,219.0,15.1,66,94,-0.2
2026-07-06,9942,茂順,,,B,118.5,14.43,66,27,1.47
2026-07-06,2851,中再保,,,金融🏦,39.1,10.68,67,99,2.22
2026-07-06,3293,鈊象,,,B,794.0,19.67,68,90,1.08
2026-07-06,5904,寶雅,,,A,737.0,23.43,69,68,1.91
2026-07-06,6442,光聖,,,A,1595.0,58.99,69,95,1.02
2026-07-06,4116,明基醫,,,C,38.5,25.16,69,40,2.0
2026-07-06,6776,展碁國際,,,D,55.0,12.7,70,50,-2.58
2026-07-06,4977,眾達-KY,,,D,159.0,34.49,71,94,-0.65
2026-07-06,2882,國泰金,,,金融🏦,93.4,13.23,74,100,
2026-07-06,2937,集雅社,,,D,47.3,12.41,76,98,0.11
2026-07-06,8284,三竹,,,D,66.0,14.44,76,28,0.75
2026-07-06,2812,台中銀,,,金融🏦,20.6,13.43,76,79,
2026-07-06,5312,寶島科,,,C,90.1,15.3,77,42,2.38
2026-07-06,6112,邁達特,,,D,44.9,26.54,77,63,-3.06
2026-07-06,2640,大車隊,,,A,161.5,17.52,77,96,1.34
2026-07-06,4904,遠傳,,,B,103.0,26.08,77,90,2.4
2026-07-06,2353,宏碁,,,D,32.8,24.85,77,58,-2.99
2026-07-06,1519,華城,,,A,773.0,53.13,78,91,1.12
2026-07-06,2881,富邦金,,,金融🏦,121.5,14.52,79,100,
2026-07-06,3081,聯亞,,,B,2000.0,261.78,79,98,1.13
2026-07-06,3450,聯鈞,,,C,520.0,154.76,81,100,1.73
2026-07-06,2855,統一證,,,金融🏦,52.2,17.4,83,100,-1.14
2026-07-06,3406,玉晶光,,,B,653.0,19.79,83,70,2.02
2026-07-06,3189,景碩,,,C,763.0,187.47,84,100,2.56
2026-07-06,3004,豐達科,,,D,159.5,27.6,85,39,0.04
2026-07-06,2480,敦陽科,,,B,162.0,19.31,86,92,1.33
2026-07-06,8210,勤誠,,,A,1290.0,37.7,86,98,0.84
2026-07-06,2379,瑞昱,,,C,769.0,27.53,87,100,1.5
2026-07-06,6739,竹陞科技,,,B,1315.0,68.53,87,91,1.15
2026-07-06,2887,台新新光金,,,金融🏦,34.3,17.96,88,100,
2026-07-06,3363,上詮,,,D,902.0,5637.5,90,88,0.97
2026-07-06,2402,毅嘉,,,A,69.1,35.26,90,99,1.15
2026-07-06,3017,奇鋐,,,A,2670.0,43.73,90,2,1.81
2026-07-06,6788,華景電,,,A,436.0,23.58,90,97,1.09
2026-07-06,4979,華星光,,,B,457.0,82.64,90,98,1.07
2026-07-06,1504,東元,,,D,73.1,30.59,91,91,0.7
2026-07-06,2455,全新,,,D,338.0,106.62,93,99,1.29
2026-07-06,6138,茂達,,,A,440.0,31.16,93,100,1.21
2026-07-06,3163,波若威,,,C,799.0,92.48,93,96,0.01
2026-07-06,8996,高力,,,A,1425.0,100.64,93,100,1.08
2026-07-06,2880,華南金,,,金融🏦,38.2,20.13,93,99,
2026-07-06,3653,健策,,,A,3320.0,90.46,94,99,0.92
2026-07-06,5274,信驊,,,A,16270.0,138.03,94,100,1.07
2026-07-06,2883,凱基金,,,金融🏦,29.0,16.67,94,100,
2026-07-06,5493,三聯,,,D,92.9,22.55,94,91,1.03
2026-07-06,2368,金像電,,,A,1225.0,53.96,95,99,0.62
2026-07-06,3551,世禾,,,D,208.5,23.99,95,93,-0.79
2026-07-06,2313,華通,,,A,235.0,41.45,95,99,1.62
2026-07-06,2049,上銀,,,D,364.0,79.48,95,68,3.06
2026-07-06,2891,中信金,,,金融🏦,71.4,17.5,95,100,
2026-07-06,2308,台達電,,,A,1995.0,73.59,95,98,1.28
2026-07-06,3481,群創,,,D,69.2,629.09,95,100,21.3
2026-07-06,3587,閎康,,,D,300.5,39.7,96,81,3.9
2026-07-06,8016,矽創,,,D,332.0,21.01,96,68,1.55
2026-07-06,2360,致茂,,,A,2180.0,68.62,96,99,0.31
2026-07-06,3583,辛耘,,,A,860.0,46.69,96,53,1.83
2026-07-06,5278,尚凡*,⚠️便宜陷阱(動態惡化),,D,25.0,25.77,96,3,1.01
2026-07-06,3715,定穎投控,,,D,165.0,165.0,96,97,-1.6
2026-07-06,2645,長榮航太,,,B,238.0,36.34,96,96,1.37
2026-07-06,6515,穎崴,,,A,8915.0,180.98,97,98,0.63
2026-07-06,7556,意德士,,,B,287.5,37.43,97,96,0.63
2026-07-06,2330,台積電,,,A,2460.0,33.07,98,100,1.22
2026-07-06,6612,奈米醫材,⚠️便宜陷阱,,D,74.0,87.06,98,4,-1.67
2026-07-06,3044,健鼎,,,A,506.0,24.59,98,100,1.13
2026-07-06,6683,雍智科技,,,D,1780.0,99.5,98,97,1.45
2026-07-06,6449,鈺邦,,,A,329.0,41.38,98,72,1.24
2026-07-06,6274,台燿,,,B,1630.0,115.93,99,100,-0.38
2026-07-06,2383,台光電,,,A,5475.0,117.62,99,4,0.76
2026-07-06,2345,智邦,,,A,2645.0,50.02,99,99,0.92
2026-07-06,3008,大立光,,,C,4135.0,26.21,99,89,1.21
2026-07-06,6223,旺矽,,,A,6855.0,178.79,100,100,0.63
2026-07-06,6257,矽格,,,B,273.0,40.87,100,100,1.81
2026-07-06,2059,川湖,,,A,7785.0,68.61,100,100,1.1
2026-07-06,3265,台星科,,,C,192.5,33.77,100,100,1.67
2026-07-06,6525,捷敏-KY,,,B,201.0,33.11,100,100,1.71
2026-07-06,1560,中砂,,,A,745.0,72.61,100,99,1.27
2026-07-06,6451,訊芯-KY,,,D,525.0,2019.23,100,100,7.24
2026-07-06,2890,永豐金,,,金融🏦,41.0,20.81,100,100,
2026-07-06,2850,新產,,,金融🏦,147.5,12.01,100,99,0.64
2026-07-06,2885,元大金,,,金融🏦,68.4,24.96,100,100,
2026-07-06,3711,日月光投控,,,B,679.0,62.52,100,100,3.26
2026-07-07,6741,91APP*-KY,⚠️便宜陷阱,🔵未來低位,B,60.2,13.65,0,3,0.96
2026-07-07,6803,崑鼎,⚠️便宜陷阱,🔵未來低位,D,276.0,14.95,0,67,-0.87
2026-07-07,9917,中保科,✅B級買點,🔵未來低位,B,105.0,15.49,0,13,1.3
2026-07-07,6690,安碁資訊,✅B級買點,🔵未來低位,B,166.0,15.63,2,15,4.03
2026-07-07,2752,豆府,✅B級買點,🔵未來低位,B,177.5,11.62,2,19,1.83
2026-07-07,8462,柏文,⚠️便宜陷阱(動態惡化),,C,155.0,16.56,4,1,3.22
2026-07-07,8341,日友,⚠️便宜陷阱(動態惡化),,C,76.7,16.32,6,10,1.95
2026-07-07,5203,訊連,⚠️便宜陷阱,,D,68.0,18.48,6,4,-2.09
2026-07-07,6469,大樹,🔄循環買點(PBR),,C,76.4,19.54,7,14,2.05
2026-07-07,1268,漢來美食,⭐A級買點,🔵未來低位,A,171.5,14.78,7,26,2.54
2026-07-07,3130,一零四,⚠️便宜陷阱,🔵未來低位,C,220.5,14.62,8,18,1.55
2026-07-07,2884,玉山金,🏦金融(看PBR/殖利率),,金融🏦,34.5,16.27,9,88,
2026-07-07,1736,喬山,⭐A級買點,🔵未來低位,A,129.0,15.66,10,0,1.09
2026-07-07,3687,歐買尬,⚠️便宜陷阱,,C,76.3,17.22,10,8,0.53
2026-07-07,2912,統一超,⚠️便宜陷阱(動態惡化),🔵未來低位,C,240.0,21.9,10,1,2.85
2026-07-07,9911,櫻花,⚠️便宜陷阱,🔵未來低位,B,84.2,13.18,12,2,0.94
2026-07-07,3013,晟銘電,,,C,105.5,23.14,12,71,0.68
2026-07-07,5269,祥碩,⚠️便宜陷阱,🔵未來低位,C,1500.0,18.48,12,8,0.9
2026-07-07,2753,八方雲集,⭐A級買點,🔵未來低位,A,178.5,13.24,20,62,1.93
2026-07-07,8926,台汽電,,🔵未來低位,B,78.5,19.24,25,100,1.15
2026-07-07,5607,遠雄港,,,C,50.9,15.71,25,52,1.91
2026-07-07,6279,胡連,,🔵未來低位,D,123.5,13.12,25,7,0.87
2026-07-07,4129,聯合,,🔵未來低位,A,93.7,19.68,27,59,2.1
2026-07-07,6752,叡揚,,,C,99.4,13.11,27,42,-0.08
2026-07-07,6721,信實,,,A,55.0,11.55,32,6,0.87
2026-07-07,6505,台塑化,🔄循環買點(PBR),,C,58.0,20.79,33,15,1.85
2026-07-07,4772,台特化,,🔵未來低位,C,270.0,55.79,38,51,1.36
2026-07-07,3019,亞光,,,C,144.0,20.99,42,93,0.97
2026-07-07,4953,緯軟,,,D,127.0,13.71,43,27,0.53
2026-07-07,2727,王品,,,B,245.0,14.72,45,87,2.56
2026-07-07,2357,華碩,,,D,663.0,11.85,46,97,-0.64
2026-07-07,2363,矽統,,,C,65.7,38.65,46,77,0.6
2026-07-07,2947,振宇五金,,,D,70.5,23.74,47,23,4.84
2026-07-07,2376,技嘉,⚠️便宜陷阱,,D,327.0,15.28,49,6,-1.14
2026-07-07,6712,長聖,🔄循環買點(PBR),,C,177.5,33.68,50,2,1.16
2026-07-07,2453,凌群,,,B,56.2,17.9,51,1,0.9
2026-07-07,6005,群益證,,,金融🏦,38.0,10.63,52,100,-1.41
2026-07-07,4114,健喬,,,C,32.9,20.4,52,39,0.76
2026-07-07,3029,零壹,,,A,103.0,15.17,55,74,1.31
2026-07-07,5903,全家,⚠️便宜陷阱(動態惡化),,D,187.5,26.94,58,18,6.49
2026-07-07,1513,中興電,,,A,175.0,21.26,59,80,2.74
2026-07-07,2755,揚秦,,,A,138.5,19.79,60,73,1.52
2026-07-07,8284,三竹,,,D,63.3,13.85,60,28,0.75
2026-07-07,6446,藥華藥,,,B,1495.0,91.94,60,73,1.0
2026-07-07,3324,雙鴻,,,A,970.0,27.6,60,80,-0.08
2026-07-07,6791,虎門科技,,,D,113.0,23.16,60,59,0.21
2026-07-07,3162,精確,,,B,84.1,68.93,61,75,5.72
2026-07-07,3702,大聯大,,,D,109.0,13.73,61,98,-0.89
2026-07-07,2889,國票金,,,金融🏦,15.3,24.29,62,56,
2026-07-07,3036,文曄,,,C,214.0,14.76,62,94,-0.2
2026-07-07,3293,鈊象,,,B,770.0,19.07,63,90,1.08
2026-07-07,6442,光聖,,,A,1540.0,56.95,64,95,1.02
2026-07-07,2851,中再保,,,金融🏦,38.5,10.52,65,99,2.22
2026-07-07,9942,茂順,,,B,118.5,14.43,66,27,1.47
2026-07-07,5904,寶雅,,,A,725.0,23.05,66,68,1.91
2026-07-07,4116,明基醫,,,C,38.1,24.93,68,40,2.0
2026-07-07,4977,眾達-KY,,,D,150.0,32.54,70,94,-0.65
2026-07-07,2640,大車隊,,,A,158.5,17.19,72,96,1.34
2026-07-07,2937,集雅社,,,D,47.0,12.34,74,98,0.11
2026-07-07,6776,展碁國際,,,D,55.5,12.82,74,50,-2.58
2026-07-07,2882,國泰金,,,金融🏦,97.0,13.74,75,100,
2026-07-07,1519,華城,,,A,748.0,51.41,76,91,1.12
2026-07-07,2353,宏碁,,,D,32.0,24.24,76,58,-2.99
2026-07-07,2812,台中銀,,,金融🏦,20.6,13.5,76,79,
2026-07-07,3406,玉晶光,,,B,609.0,18.45,77,70,2.02
2026-07-07,4904,遠傳,,,B,103.0,26.08,77,90,2.4
2026-07-07,5312,寶島科,,,C,89.7,15.23,77,42,2.38
2026-07-07,6112,邁達特,,,D,44.2,26.15,77,63,-3.06
2026-07-07,3081,聯亞,,,B,1905.0,249.35,77,98,1.13
2026-07-07,3450,聯鈞,,,C,495.0,147.32,79,100,1.73
2026-07-07,2881,富邦金,,,金融🏦,123.0,14.7,80,100,
2026-07-07,2855,統一證,,,金融🏦,51.1,17.03,81,100,-1.14
2026-07-07,8210,勤誠,,,A,1175.0,34.34,81,98,0.84
2026-07-07,6739,竹陞科技,,,B,1185.0,61.75,82,91,1.15
2026-07-07,3189,景碩,,,C,687.0,168.8,83,100,2.56
2026-07-07,3004,豐達科,,,D,146.5,25.35,85,39,0.04
2026-07-07,3017,奇鋐,,,A,2450.0,40.12,85,2,1.81
2026-07-07,4979,華星光,,,B,428.0,77.4,85,98,1.07
2026-07-07,2480,敦陽科,,,B,162.0,19.31,86,92,1.33
2026-07-07,6788,華景電,,,A,419.0,22.66,87,97,1.09
2026-07-07,2402,毅嘉,,,A,65.9,33.62,87,99,1.15
2026-07-07,2887,台新新光金,,,金融🏦,34.9,18.27,88,100,
2026-07-07,2379,瑞昱,,,C,776.0,27.78,88,100,1.5
2026-07-07,2455,全新,,,D,318.5,100.47,88,99,1.29
2026-07-07,3363,上詮,,,D,902.0,5637.5,90,88,0.97
2026-07-07,3163,波若威,,,C,742.0,85.88,90,96,0.01
2026-07-07,1504,東元,,,D,70.9,29.67,90,91,0.7
2026-07-07,5274,信驊,,,A,14415.0,122.3,91,100,1.07
2026-07-07,3551,世禾,,,D,202.5,23.3,91,93,-0.79
2026-07-07,6138,茂達,,,A,396.0,28.05,91,100,1.21
2026-07-07,3583,辛耘,,,A,808.0,43.87,91,53,1.83
2026-07-07,8996,高力,,,A,1335.0,94.28,92,100,1.08
2026-07-07,3653,健策,,,A,3195.0,87.06,93,99,0.92
2026-07-07,2645,長榮航太,,,B,214.5,32.75,93,96,1.37
2026-07-07,2313,華通,,,A,218.0,38.45,93,99,1.62
2026-07-07,2880,華南金,,,金融🏦,39.0,20.5,93,99,
2026-07-07,5493,三聯,,,D,90.1,21.87,93,91,1.03
2026-07-07,2308,台達電,,,A,1890.0,69.72,94,98,1.28
2026-07-07,2049,上銀,,,D,344.5,75.22,94,68,3.06
2026-07-07,2368,金像電,,,A,1135.0,50.0,94,99,0.62
2026-07-07,3481,群創,,,D,64.2,583.64,94,100,21.3
2026-07-07,2360,致茂,,,A,1965.0,61.85,95,99,0.31
2026-07-07,3715,定穎投控,,,D,155.5,155.5,95,97,-1.6
2026-07-07,6515,穎崴,,,A,8025.0,162.91,95,98,0.63
2026-07-07,5278,尚凡*,⚠️便宜陷阱(動態惡化),,D,24.6,25.36,95,3,1.01
2026-07-07,2891,中信金,,,金融🏦,70.2,17.21,95,100,
2026-07-07,2883,凱基金,,,金融🏦,30.1,17.3,95,100,
2026-07-07,3044,健鼎,,,A,475.5,23.1,96,100,1.13
2026-07-07,6683,雍智科技,,,D,1660.0,92.79,96,97,1.45
2026-07-07,7556,意德士,,,B,282.0,36.72,96,96,0.63
2026-07-07,3587,閎康,,,D,290.0,38.31,96,81,3.9
2026-07-07,3265,台星科,,,C,173.5,30.44,96,100,1.67
2026-07-07,8016,矽創,,,D,352.0,22.28,97,68,1.55
2026-07-07,2345,智邦,,,A,2455.0,46.43,97,99,0.92
2026-07-07,2330,台積電,,,A,2440.0,32.8,97,100,1.22
2026-07-07,6274,台燿,,,B,1575.0,112.02,98,100,-0.38
2026-07-07,2383,台光電,,,A,5220.0,112.14,98,4,0.76
2026-07-07,6449,鈺邦,,,A,308.5,38.81,98,72,1.24
2026-07-07,1560,中砂,,,A,700.0,68.23,98,99,1.27
2026-07-07,2850,新產,,,金融🏦,145.5,11.85,99,99,0.64
2026-07-07,3008,大立光,,,C,3890.0,24.66,99,89,1.21
2026-07-07,3711,日月光投控,,,B,651.0,59.94,99,100,3.26
2026-07-07,6223,旺矽,,,A,6310.0,164.58,99,100,0.63
2026-07-07,6612,奈米醫材,⚠️便宜陷阱,,D,79.0,92.94,99,4,-1.67
2026-07-07,6257,矽格,,,B,242.0,36.23,100,100,1.81
2026-07-07,6525,捷敏-KY,,,B,221.0,36.41,100,100,1.71
2026-07-07,2890,永豐金,,,金融🏦,41.1,20.86,100,100,
2026-07-07,2059,川湖,,,A,8260.0,72.8,100,100,1.1
2026-07-07,2885,元大金,,,金融🏦,69.8,25.47,100,100,
2026-07-07,6451,訊芯-KY,,,D,525.0,2019.23,100,100,7.24
2026-07-08,6741,91APP*-KY,⚠️便宜陷阱,🔵未來低位,B,60.1,13.63,0,3,0.96
2026-07-08,6803,崑鼎,⚠️便宜陷阱,🔵未來低位,D,273.5,14.82,0,67,-0.87
2026-07-08,9917,中保科,✅B級買點,🔵未來低位,B,105.5,15.56,1,13,1.3
2026-07-08,6690,安碁資訊,✅B級買點,🔵未來低位,B,166.5,15.68,2,15,4.03
2026-07-08,2752,豆府,✅B級買點,🔵未來低位,B,178.0,11.65,2,19,1.83
2026-07-08,8462,柏文,⚠️便宜陷阱(動態惡化),,C,156.0,16.67,5,1,3.22
2026-07-08,1268,漢來美食,⭐A級買點,🔵未來低位,A,169.0,14.57,5,26,2.54
2026-07-08,8341,日友,⚠️便宜陷阱(動態惡化),,C,76.9,16.36,6,10,1.95
2026-07-08,5203,訊連,⚠️便宜陷阱,,D,68.4,18.59,7,4,-2.09
2026-07-08,6469,大樹,🔄循環買點(PBR),,C,76.9,19.67,7,14,2.05
2026-07-08,3130,一零四,⚠️便宜陷阱,🔵未來低位,C,220.5,14.62,8,18,1.55
2026-07-08,9911,櫻花,⚠️便宜陷阱,🔵未來低位,B,83.3,13.04,9,2,0.94
2026-07-08,2884,玉山金,🏦金融(看PBR/殖利率),,金融🏦,34.8,16.39,10,88,
2026-07-08,3687,歐買尬,⚠️便宜陷阱,,C,77.7,17.54,11,8,0.53
2026-07-08,2912,統一超,⚠️便宜陷阱(動態惡化),🔵未來低位,C,241.0,21.99,11,1,2.85
2026-07-08,1736,喬山,⭐A級買點,🔵未來低位,A,132.0,16.02,12,0,1.09
2026-07-08,3013,晟銘電,,,C,105.5,23.14,12,71,0.68
2026-07-08,5269,祥碩,⚠️便宜陷阱,🔵未來低位,C,1525.0,18.79,14,8,0.9
2026-07-08,2753,八方雲集,⭐A級買點,🔵未來低位,A,179.0,13.28,20,62,1.93
2026-07-08,8926,台汽電,,🔵未來低位,B,77.7,19.04,24,100,1.15
2026-07-08,4129,聯合,,🔵未來低位,A,93.0,19.54,25,59,2.1
2026-07-08,6279,胡連,,🔵未來低位,D,124.0,13.18,26,7,0.87
2026-07-08,4904,遠傳,,🔵未來低位,B,93.2,23.59,26,90,2.4
2026-07-08,5607,遠雄港,,,C,51.2,15.8,27,52,1.91
2026-07-08,6752,叡揚,,,C,99.7,13.15,28,42,-0.08
2026-07-08,6721,信實,,,A,54.7,11.49,32,6,0.87
2026-07-08,6505,台塑化,🔄循環買點(PBR),,C,59.4,21.29,33,15,1.85
2026-07-08,4953,緯軟,,,D,125.5,13.55,38,27,0.53
2026-07-08,2727,王品,,,B,241.5,14.51,38,87,2.56
2026-07-08,6005,群益證,,,金融🏦,36.2,10.13,39,100,-1.41
2026-07-08,4772,台特化,,🔵未來低位,C,274.5,56.71,40,51,1.36
2026-07-08,2947,振宇五金,,,D,69.0,23.23,42,23,4.84
2026-07-08,3019,亞光,,,C,145.0,21.14,44,93,0.97
2026-07-08,8284,三竹,,,D,61.2,13.39,46,28,0.75
2026-07-08,2363,矽統,,,C,67.0,39.41,48,77,0.6
2026-07-08,2357,華碩,,,D,687.0,12.28,51,97,-0.64
2026-07-08,2376,技嘉,⚠️便宜陷阱,,D,335.0,15.65,51,6,-1.14
2026-07-08,2453,凌群,,,B,56.7,18.06,52,1,0.9
2026-07-08,6712,長聖,🔄循環買點(PBR),,C,183.0,34.72,53,2,1.16
2026-07-08,1513,中興電,,,A,171.5,20.84,55,80,2.74
2026-07-08,3702,大聯大,,,D,105.5,13.29,55,98,-0.89
2026-07-08,3029,零壹,,,A,103.5,15.24,57,74,1.31
2026-07-08,4114,健喬,,,C,33.5,20.84,58,39,0.76
2026-07-08,6791,虎門科技,,,D,110.5,22.64,58,59,0.21
2026-07-08,6442,光聖,,,A,1485.0,54.92,59,95,1.02
2026-07-08,3324,雙鴻,,,A,925.0,26.32,59,80,-0.08
2026-07-08,5903,全家,⚠️便宜陷阱(動態惡化),,D,189.0,27.16,60,18,6.49
2026-07-08,3293,鈊象,,,B,748.0,18.53,60,90,1.08
2026-07-08,3036,文曄,,,C,210.5,14.52,60,94,-0.2
2026-07-08,6446,藥華藥,,,B,1530.0,94.1,60,73,1.0
2026-07-08,3162,精確,,,B,83.6,68.52,61,75,5.72
2026-07-08,2755,揚秦,,,A,139.5,19.93,62,73,1.52
2026-07-08,2851,中再保,,,金融🏦,38.4,10.48,64,99,2.22
2026-07-08,5904,寶雅,,,A,717.0,22.8,64,68,1.91
2026-07-08,2889,國票金,,,金融🏦,15.7,24.92,66,56,
2026-07-08,2640,大車隊,,,A,156.5,16.97,67,96,1.34
2026-07-08,4116,明基醫,,,C,38.4,25.07,68,40,2.0
2026-07-08,9942,茂順,,,B,119.5,14.56,69,27,1.47
2026-07-08,4977,眾達-KY,,,D,153.5,33.3,71,94,-0.65
2026-07-08,6776,展碁國際,,,D,55.3,12.77,72,50,-2.58
2026-07-08,1519,華城,,,A,740.0,50.86,74,91,1.12
2026-07-08,2882,國泰金,,,金融🏦,98.0,13.88,75,100,
2026-07-08,5312,寶島科,,,C,89.2,15.14,75,42,2.38
2026-07-08,2812,台中銀,,,金融🏦,20.6,13.46,76,79,
2026-07-08,2353,宏碁,,,D,32.3,24.47,76,58,-2.99
2026-07-08,3406,玉晶光,,,B,612.0,18.55,77,70,2.02
2026-07-08,6112,邁達特,,,D,44.6,26.39,77,63,-3.06
2026-07-08,6739,竹陞科技,,,B,1110.0,57.84,78,91,1.15
2026-07-08,2855,統一證,,,金融🏦,50.4,16.8,80,100,-1.14
2026-07-08,3450,聯鈞,,,C,510.0,151.79,80,100,1.73
2026-07-08,3017,奇鋐,,,A,2325.0,38.08,80,2,1.81
2026-07-08,3081,聯亞,,,B,2095.0,274.21,81,98,1.13
2026-07-08,2881,富邦金,,,金融🏦,126.0,15.05,81,100,
2026-07-08,8210,勤誠,,,A,1195.0,34.92,81,98,0.84
2026-07-08,2480,敦陽科,,,B,159.5,19.01,84,92,1.33
2026-07-08,3189,景碩,,,C,755.0,185.5,84,100,2.56
2026-07-08,4979,華星光,,,B,434.5,78.57,85,98,1.07
2026-07-08,2937,集雅社,,,D,48.7,12.78,85,98,0.11
2026-07-08,3004,豐達科,,,D,145.5,25.17,85,39,0.04
2026-07-08,6788,華景電,,,A,408.0,22.07,85,97,1.09
2026-07-08,2402,毅嘉,,,A,65.6,33.47,87,99,1.15
2026-07-08,2887,台新新光金,,,金融🏦,35.9,18.77,89,100,
2026-07-08,5274,信驊,,,A,13975.0,118.56,89,100,1.07
2026-07-08,1504,東元,,,D,68.6,28.7,89,91,0.7
2026-07-08,3551,世禾,,,D,202.0,23.25,90,93,-0.79
2026-07-08,3363,上詮,,,D,902.0,5637.5,90,88,0.97
2026-07-08,3583,辛耘,,,A,785.0,42.62,90,53,1.83
2026-07-08,6138,茂達,,,A,375.0,26.56,91,100,1.21
2026-07-08,3163,波若威,,,C,777.0,89.93,92,96,0.01
2026-07-08,2379,瑞昱,,,C,817.0,29.25,92,100,1.5
2026-07-08,2455,全新,,,D,335.0,105.68,92,99,1.29
2026-07-08,8996,高力,,,A,1320.0,93.22,92,100,1.08
2026-07-08,5493,三聯,,,D,89.0,21.6,92,91,1.03
2026-07-08,3653,健策,,,A,3200.0,87.19,93,99,0.92
2026-07-08,5278,尚凡*,⚠️便宜陷阱(動態惡化),,D,24.4,25.15,94,3,1.01
2026-07-08,2880,華南金,,,金融🏦,39.7,20.89,94,99,
2026-07-08,2368,金像電,,,A,1150.0,50.66,94,99,0.62
2026-07-08,2049,上銀,,,D,340.0,74.24,94,68,3.06
2026-07-08,2313,華通,,,A,224.0,39.51,94,99,1.62
2026-07-08,2360,致茂,,,A,1855.0,58.39,94,99,0.31
2026-07-08,3481,群創,,,D,65.2,592.73,94,100,21.3
2026-07-08,2308,台達電,,,A,1885.0,69.53,94,98,1.28
2026-07-08,2891,中信金,,,金融🏦,71.3,17.48,95,100,
2026-07-08,6515,穎崴,,,A,7705.0,156.41,95,98,0.63
2026-07-08,3265,台星科,,,C,168.5,29.56,95,100,1.67
2026-07-08,3715,定穎投控,,,D,151.5,151.5,95,97,-1.6
2026-07-08,2883,凱基金,,,金融🏦,30.7,17.64,95,100,
2026-07-08,6683,雍智科技,,,D,1665.0,93.07,96,97,1.45
2026-07-08,7556,意德士,,,B,282.0,36.72,96,96,0.63
2026-07-08,2645,長榮航太,,,B,235.5,35.95,96,96,1.37
2026-07-08,3587,閎康,,,D,287.0,37.91,96,81,3.9
2026-07-08,3044,健鼎,,,A,472.0,22.93,96,100,1.13
2026-07-08,8016,矽創,,,D,352.0,22.28,97,68,1.55
2026-07-08,2345,智邦,,,A,2415.0,45.67,97,99,0.92
2026-07-08,6449,鈺邦,,,A,320.0,40.25,98,72,1.24
2026-07-08,1560,中砂,,,A,698.0,68.03,98,99,1.27
2026-07-08,2330,台積電,,,A,2465.0,33.14,98,100,1.22
2026-07-08,2383,台光電,,,A,5315.0,114.18,99,4,0.76
2026-07-08,6612,奈米醫材,⚠️便宜陷阱,,D,76.1,89.53,99,4,-1.67
2026-07-08,3711,日月光投控,,,B,625.0,57.55,99,100,3.26
2026-07-08,3008,大立光,,,C,3950.0,25.04,99,89,1.21
2026-07-08,6274,台燿,,,B,1645.0,117.0,99,100,-0.38
2026-07-08,6223,旺矽,,,A,6460.0,168.49,99,100,0.63
2026-07-08,2059,川湖,,,A,8095.0,71.35,100,100,1.1
2026-07-08,6257,矽格,,,B,244.5,36.6,100,100,1.81
2026-07-08,6525,捷敏-KY,,,B,199.0,32.78,100,100,1.71
2026-07-08,2850,新產,,,金融🏦,146.0,11.89,100,99,0.64
2026-07-08,2890,永豐金,,,金融🏦,41.9,21.27,100,100,
2026-07-08,2885,元大金,,,金融🏦,71.5,26.09,100,100,
2026-07-08,6451,訊芯-KY,,,D,525.0,2019.23,100,100,7.24
2026-07-09,6741,91APP*-KY,⚠️便宜陷阱,🔵未來低位,B,60.0,13.61,0,3,0.96
2026-07-09,3004,豐達科,,,D,51.0,8.82,0,39,0.04
2026-07-09,2890,永豐金,🏦金融(看PBR/殖利率),🔵未來低位,金融🏦,9.5,4.84,0,100,
2026-07-09,6803,崑鼎,⚠️便宜陷阱,🔵未來低位,D,274.0,14.84,0,67,-0.87
2026-07-09,3583,辛耘,⭐A級買點,🔵未來低位,A,81.5,4.42,0,53,1.83
2026-07-09,2453,凌群,⚠️便宜陷阱,🔵未來低位,B,13.8,4.41,0,1,0.9
2026-07-09,3017,奇鋐,⭐A級買點,🔵未來低位,A,31.9,0.52,0,2,1.81
2026-07-09,2376,技嘉,⚠️便宜陷阱,,D,52.1,2.43,0,6,-1.14
2026-07-09,2480,敦陽科,✅B級買點,🔵未來低位,B,34.8,4.15,0,92,1.33
2026-07-09,2308,台達電,⭐A級買點,🔵未來低位,A,136.0,5.02,0,98,1.28
2026-07-09,9917,中保科,✅B級買點,🔵未來低位,B,90.9,13.41,0,13,1.3
2026-07-09,2402,毅嘉,⭐A級買點,🔵未來低位,A,16.1,8.24,0,99,1.15
2026-07-09,2345,智邦,⚠️便宜陷阱,🔵未來低位,A,99.1,1.87,0,99,0.92
2026-07-09,6257,矽格,,,B,32.2,4.83,0,100,1.81
2026-07-09,5607,遠雄港,,,C,16.9,5.2,0,52,1.91
2026-07-09,8210,勤誠,⚠️便宜陷阱,🔵未來低位,A,42.3,1.24,0,98,0.84
2026-07-09,3036,文曄,,,C,46.7,3.22,0,94,-0.2
2026-07-09,3029,零壹,⭐A級買點,🔵未來低位,A,18.8,2.77,0,74,1.31
2026-07-09,2368,金像電,⚠️便宜陷阱,🔵未來低位,A,10.4,0.46,0,99,0.62
2026-07-09,2059,川湖,,,A,394.5,3.48,0,100,1.1
2026-07-09,2383,台光電,⚠️便宜陷阱,🔵未來低位,A,94.5,2.03,0,4,0.76
2026-07-09,6449,鈺邦,⭐A級買點,🔵未來低位,A,51.5,6.48,0,72,1.24
2026-07-09,2850,新產,🏦金融(看PBR/殖利率),🔵未來低位,金融🏦,28.7,2.34,0,99,0.64
2026-07-09,2887,台新新光金,🏦金融(看PBR/殖利率),,金融🏦,13.7,7.17,0,100,
2026-07-09,2812,台中銀,🏦金融(看PBR/殖利率),🔵未來低位,金融🏦,9.9,6.47,0,79,
2026-07-09,2330,台積電,⭐A級買點,🔵未來低位,A,227.0,3.05,0,100,1.22
2026-07-09,1736,喬山,⭐A級買點,🔵未來低位,A,36.0,4.37,0,0,1.09
2026-07-09,2880,華南金,🏦金融(看PBR/殖利率),🔵未來低位,金融🏦,16.6,8.74,0,99,
2026-07-09,9911,櫻花,⚠️便宜陷阱,🔵未來低位,B,37.0,5.8,0,2,0.94
2026-07-09,3130,一零四,⚠️便宜陷阱,🔵未來低位,C,161.5,10.71,0,18,1.55
2026-07-09,1513,中興電,,,A,21.6,2.62,0,80,2.74
2026-07-09,3653,健策,⚠️便宜陷阱,🔵未來低位,A,68.7,1.87,0,99,0.92
2026-07-09,6442,光聖,,,A,41.3,1.53,0,95,1.02
2026-07-09,1560,中砂,,,A,81.0,7.89,0,99,1.27
2026-07-09,2379,瑞昱,,,C,104.5,3.74,0,100,1.5
2026-07-09,3406,玉晶光,✅B級買點,🔵未來低位,B,299.0,9.06,0,70,2.02
2026-07-09,2360,致茂,,,A,157.5,4.96,0,99,0.31
2026-07-09,2727,王品,,,B,131.0,7.87,0,87,2.56
2026-07-09,3013,晟銘電,,,C,21.8,4.78,0,71,0.68
2026-07-09,4904,遠傳,✅B級買點,🔵未來低位,B,72.5,18.35,0,90,2.4
2026-07-09,3702,大聯大,,,D,38.9,4.9,0,98,-0.89
2026-07-09,6005,群益證,🏦金融(看PBR/殖利率),,金融🏦,11.5,3.21,0,100,-1.41
2026-07-09,2855,統一證,🏦金融(看PBR/殖利率),,金融🏦,14.2,4.73,0,100,-1.14
2026-07-09,2851,中再保,🏦金融(看PBR/殖利率),,金融🏦,17.4,4.74,0,99,2.22
2026-07-09,2885,元大金,🏦金融(看PBR/殖利率),,金融🏦,13.7,5.0,0,100,
2026-07-09,8926,台汽電,✅B級買點,🔵未來低位,B,26.9,6.61,0,100,1.15
2026-07-09,1504,東元,,,D,28.0,11.72,0,91,0.7
2026-07-09,8996,高力,⭐A級買點,🔵未來低位,A,38.9,2.75,0,100,1.08
2026-07-09,2363,矽統,⚠️便宜陷阱,🔵未來低位,C,9.1,5.33,0,77,0.6
2026-07-09,2884,玉山金,🏦金融(看PBR/殖利率),,金融🏦,18.8,8.87,0,88,
2026-07-09,5269,祥碩,⚠️便宜陷阱,🔵未來低位,C,363.0,4.47,0,8,0.9
2026-07-09,2891,中信金,🏦金融(看PBR/殖利率),,金融🏦,20.6,5.05,0,100,
2026-07-09,1519,華城,⭐A級買點,🔵未來低位,A,19.3,1.33,0,91,1.12
2026-07-09,3044,健鼎,⭐A級買點,🔵未來低位,A,95.3,4.63,0,100,1.13
2026-07-09,2883,凱基金,🏦金融(看PBR/殖利率),,金融🏦,9.8,5.65,1,100,
2026-07-09,9942,茂順,,,B,89.0,10.84,1,27,1.47
2026-07-09,2357,華碩,,,D,270.0,4.82,1,97,-0.64
2026-07-09,2752,豆府,✅B級買點,🔵未來低位,B,178.0,11.65,2,19,1.83
2026-07-09,1268,漢來美食,⭐A級買點,🔵未來低位,A,165.5,14.27,2,26,2.54
2026-07-09,6690,安碁資訊,✅B級買點,🔵未來低位,B,166.5,15.68,2,15,4.03
2026-07-09,5203,訊連,⚠️便宜陷阱,,D,66.0,17.93,5,4,-2.09
2026-07-09,8462,柏文,⚠️便宜陷阱(動態惡化),,C,159.0,16.99,6,1,3.22
2026-07-09,6469,大樹,🔄循環買點(PBR),,C,78.0,19.95,8,14,2.05
2026-07-09,2313,華通,,,A,43.3,7.64,9,99,1.62
2026-07-09,3687,歐買尬,⚠️便宜陷阱,,C,77.5,17.49,11,8,0.53
2026-07-09,8016,矽創,⚠️便宜陷阱(動態惡化),,D,79.5,5.03,14,68,1.55
2026-07-09,3019,亞光,,,C,105.5,15.38,17,93,0.97
2026-07-09,2753,八方雲集,⭐A級買點,🔵未來低位,A,176.0,13.06,20,62,1.93
2026-07-09,2881,富邦金,,,金融🏦,50.6,6.05,21,100,
2026-07-09,3189,景碩,,,C,55.3,13.59,23,100,2.56
2026-07-09,6279,胡連,,🔵未來低位,D,122.5,13.02,24,7,0.87
2026-07-09,2889,國票金,,,金融🏦,9.3,14.76,24,56,
2026-07-09,4129,聯合,,🔵未來低位,A,92.2,19.37,24,59,2.1
2026-07-09,6752,叡揚,,,C,100.5,13.26,29,42,-0.08
2026-07-09,2882,國泰金,,,金融🏦,53.4,7.56,30,100,
2026-07-09,2455,全新,,,D,104.0,32.81,32,99,1.29
2026-07-09,6721,信實,,,A,54.6,11.47,32,6,0.87
2026-07-09,2912,統一超,,,C,283.0,25.82,32,1,2.85
2026-07-09,2353,宏碁,,,D,20.3,15.38,35,58,-2.99
2026-07-09,4772,台特化,,🔵未來低位,C,270.5,55.89,38,51,1.36
2026-07-09,6525,捷敏-KY,,,B,78.5,12.93,38,100,1.71
2026-07-09,2947,振宇五金,,,D,69.0,23.23,42,23,4.84
2026-07-09,6112,邁達特,,,D,29.2,17.28,43,63,-3.06
2026-07-09,4953,緯軟,,,D,127.5,13.77,44,27,0.53
2026-07-09,8284,三竹,,,D,61.2,13.39,46,28,0.75
2026-07-09,3450,聯鈞,,,C,126.0,37.5,48,100,1.73
2026-07-09,6712,長聖,🔄循環買點(PBR),,C,175.5,33.3,49,2,1.16
2026-07-09,6505,台塑化,🔄循環買點(PBR),,C,115.0,41.22,54,15,1.85
2026-07-09,6791,虎門科技,,,D,108.5,22.23,56,59,0.21
2026-07-09,4114,健喬,,,C,33.4,20.71,56,39,0.76
2026-07-09,3162,精確,,,B,81.8,67.05,57,75,5.72
2026-07-09,3324,雙鴻,,,A,920.0,26.17,58,80,-0.08
2026-07-09,6446,藥華藥,,,B,1285.0,79.03,58,73,1.0
2026-07-09,2755,揚秦,,,A,138.0,19.71,59,73,1.52
2026-07-09,3293,鈊象,,,B,744.0,18.43,59,90,1.08
2026-07-09,5903,全家,⚠️便宜陷阱(動態惡化),,D,189.0,27.16,60,18,6.49
2026-07-09,4977,眾達-KY,,,D,119.5,25.92,62,94,-0.65
2026-07-09,5904,寶雅,,,A,720.0,22.89,65,68,1.91
2026-07-09,4116,明基醫,,,C,37.9,24.77,66,40,2.0
2026-07-09,2640,大車隊,,,A,158.0,17.14,71,96,1.34
2026-07-09,5312,寶島科,,,C,88.7,15.06,73,42,2.38
2026-07-09,6776,展碁國際,,,D,55.7,12.86,75,50,-2.58
2026-07-09,6739,竹陞科技,,,B,1055.0,54.98,75,91,1.15
2026-07-09,3081,聯亞,,,B,2005.0,262.43,79,98,1.13
2026-07-09,2937,集雅社,,,D,48.0,12.59,79,98,0.11
2026-07-09,6788,華景電,,,A,403.5,21.82,84,97,1.09
2026-07-09,4979,華星光,,,B,432.5,78.21,85,98,1.07
2026-07-09,3481,群創,,,D,12.4,113.18,86,100,21.3
2026-07-09,5274,信驊,,,A,13665.0,115.93,87,100,1.07
2026-07-09,3363,上詮,,,D,902.0,5637.5,90,88,0.97
2026-07-09,6138,茂達,,,A,376.0,26.63,91,100,1.21
2026-07-09,3163,波若威,,,C,746.0,86.34,91,96,0.01
2026-07-09,2049,上銀,,,D,311.0,67.9,91,68,3.06
2026-07-09,5493,三聯,,,D,88.8,21.55,92,91,1.03
2026-07-09,3551,世禾,,,D,203.5,23.42,92,93,-0.79
2026-07-09,5278,尚凡*,⚠️便宜陷阱(動態惡化),,D,24.1,24.9,93,3,1.01
2026-07-09,7556,意德士,,,B,260.0,33.85,93,96,0.63
2026-07-09,3715,定穎投控,,,D,151.0,151.0,95,97,-1.6
2026-07-09,6515,穎崴,,,A,7765.0,157.63,95,98,0.63
2026-07-09,2645,長榮航太,,,B,240.0,36.64,96,96,1.37
2026-07-09,3587,閎康,,,D,290.0,38.31,96,81,3.9
2026-07-09,3265,台星科,,,C,173.5,30.44,96,100,1.67
2026-07-09,6683,雍智科技,,,D,1725.0,96.42,97,97,1.45
2026-07-09,6612,奈米醫材,⚠️便宜陷阱,,D,74.3,87.41,98,4,-1.67
2026-07-09,6274,台燿,,,B,1570.0,111.66,98,100,-0.38
2026-07-09,3008,大立光,,,C,4305.0,27.29,99,89,1.21
2026-07-09,6223,旺矽,,,A,7080.0,184.66,100,100,0.63
2026-07-09,6451,訊芯-KY,,,D,525.0,2019.23,100,100,7.24
2026-07-09,8341,日友,⚠️便宜陷阱(動態惡化),,C,237.5,50.53,100,10,1.95
2026-07-09,3711,日月光投控,,,B,677.0,62.34,100,100,3.26
